# key|artist|title|genreColor|googleDriveId
# The last parameter should be the song's URL. If it does not start with 'http', it will be parsed as a YouTube ID.
# Newlines are denoted with <br>
# Prefixing a character with ^ will force it to be lowercase
gramophone|Faux|Gramophone|Indie Dance|0B8_nDMQp-qqCRy1odzBBVC0yM3c
gravity|Umpire|Gravity<br>(feat. Liz Kretschmer)|Liquid Dubstep|0B8_nDMQp-qqCcm1BcGhCZUVoOGc
pressure|Draper|Pressure<br>(feat. Laura Brehm)|Liquid Dubstep|0B8_nDMQp-qqCNFg1WEdXX0s1dTA
equinox|Skrillex|First Of The Year (Equinox)|Brostep|0B8_nDMQp-qqCTERfdXFYRWdncm8
triumph|WRLD|Triumph|Future Bass|0B8_nDMQp-qqCS2N0Tkl1NkRHMWM
friends|Grabbitz|Friends<br>(with Faustix)|Hybrid Trap|0B8_nDMQp-qqCRkpwX2puYlc1LTA
thegirl|Hellberg|The Girl<br>(feat. Cozi Zuehlsdorff)|Big-Room House|0B8_nDMQp-qqCZ0RzU1djUzRTNWc
therunner|Faux|The Runner|Techstep|0B8_nDMQp-qqCbmVaZUtXQWljcXM
myfriend|Tristam|My Friend|Liquid Drumstep|0B8_nDMQp-qqCNFE4enhKSlEtS3c
dreams|Rogue|Dreams<br>(feat. Laura Brehm)|Liquid Drumstep|0B8_nDMQp-qqCdDdHbFVsVnZKRFk
onceagain|Tristam|Once Again|Moombahcore|0B8_nDMQp-qqCZGdhb3ZNZjhHYWM
puresunlight|Mr Fijiwiji, Laura Brehm, & AgNO3|Pure Sunlight|Industrial Hip-Hop|0B8_nDMQp-qqCeUtfLXFFWHlwRnc
rainbowroad|nanobii|Rainbow Road|Happy Hardcore|0B8_nDMQp-qqCU3ZGamRqSTg3Y0E
btmaerochord|Excision & Pegboard Nerds|Bring The Madness (feat. Mayor Apeshit)<br>(Aero Chord Remix)|Hybrid Trap|0B8_nDMQp-qqCUFVLZDU1dHJKZmc
btmnoisestorm|Excision & Pegboard Nerds|Bring The Madness (feat. Mayor Apeshit)<br>(Noisestorm Remix)|Electro Breaks|0B8_nDMQp-qqCX0FvX0dweDNvbzg
sandstorm|Darude|Sandstorm|ayy lmao|0B8_nDMQp-qqCZFE1SU8yN2w1UHc
sworchestral|Stephen Walking|Monstercat Orchestral Suite|ayy lmao|0B8_nDMQp-qqCeVBMNlBqMjJVbjQ
beyondthesurface|Varien|Beyond The Surface<br>(feat. Aloma Steele)|Future Industrial|0B8_nDMQp-qqCNklKbDZkcnFUNmc
loveandfear|FutureFreqs|Love & Fear|Glitch Hop|0B8_nDMQp-qqCdWZIX083SGVBM1U
changetheworld|Jetta|I'd Love To Change The World<br>(Matstubs Remix)|Hybrid Trap|0B8_nDMQp-qqCMjlsem9xQ0V4U2M
leavingyou|Savoy & Sound Remedy|Leaving You<br>(feat. Jojee)|Future Bass|0B8_nDMQp-qqCQmIzdFRWSU15Y2s
inertia|Draper|Inertia|Glitch Hop|0B8_nDMQp-qqCeVMzMjUzQUtJa2c
menandmachines|Draper|Men & Machines|Liquid Dubstep|0B8_nDMQp-qqCUFI3Y2JfVUxUTTQ
seeingstars|FutureFreqs|Seeing Stars|Drumstep|0B8_nDMQp-qqCOWxVT1p4RkJWbDA
swedenfaux|C418|Sweden<br>(Faux Remix)|Dancefloor Drum & Bass|0B8_nDMQp-qqCRWNVNWl6UXlSd1E
surface|Aero Chord|Surface|Hybrid Trap|0B8_nDMQp-qqCQ3FQUi1IWFRYUEE
insight|Haywyre|Insight|Liquid Dubstep|0B8_nDMQp-qqCczZ0c2xxR0FGa0U
more|Subformat|More<br>(feat. Charli Brix)|Dancefloor Drum & Bass|0B8_nDMQp-qqCQ005TVVYdFY3YjQ
sunofagun|Oh Land|Sun Of A Gun<br>(Jacob Plant Remix)|Liquid Dubstep|0B8_nDMQp-qqCeWpRSXM4NDRPajA
freshprincerazihel|Will Smith|The Fresh Prince Of Bel-Air<br>(Razihel Remix)|Glitch Hop|0B8_nDMQp-qqCYnVxeXZpNzZRdnM
fuckgravity|Virtual Riot|Fuck Gravity|Glitch Hop|0B8_nDMQp-qqCcW5hbjVNVzN2Y00
moments|Mutrix|Moments<br>(feat. Charity Vance)|Brostep|0B8_nDMQp-qqCYzJJTnNmSVhReWM
weareone|Pegboard Nerds|We Are One<br>(feat. Splitbreed)|Glitch Hop|0B8_nDMQp-qqCY21PYkgxQVA3MXc
whatsgoingon|Droptek|What's Going On|Trap|0B8_nDMQp-qqCWmU4SU9DWWhic0U
minty|Volant|Minty|Glitch Hop|0B8_nDMQp-qqCMmU3d0E5aDljTEE
ideekay|Ephixa|Ideekay|Glitch Hop|0B8_nDMQp-qqCcmgyRUc1TUxkeW8
somewobbles|Ephixa|Some Wobbles|Brostep|0B8_nDMQp-qqCZGNLQUdOSDJkTUU
fullgrizzly|Going Quantum & Stephen Walking|Full Grizzly|Brostep|0B8_nDMQp-qqCdVMwejhRZEVUbGM
findthatsomeone|Televisor|Find That Someone<br>(feat. J.U.D.G.E.)|Nu-Disco|0B8_nDMQp-qqCTnBDYlJvLUJlc0E
animebae|Sushi Killer & Kevin Villecco|Anime Bae|Future Bass|0B8_nDMQp-qqCT28tYU9yY2RWeDQ
kaleidoscope|Kasbo|Kaleidoscope|Future Bass|0B8_nDMQp-qqCd3hqZkhWUVA1T1E
dadsinspace|Stephen Walking|Dads In Space|Electro House|0B8_nDMQp-qqCOXZKaENvcllLNDA
bullseye|Kevin Drew|Bullseye|Moombahcore|0B8_nDMQp-qqCdGJ3ajl3M19PLTA
manslaughter|Let's Be Friends|Manslaughter<br>(VIP Mix)|Glitch Hop|0B8_nDMQp-qqCMFJfMkVHN0pmY1E
nofire|Protostar & MakO|No Fire<br>(feat. Rachel Hirons)|Dubstep|0B8_nDMQp-qqCZnRLU3A5dHBDLWc
seekingofthetruth|Razihel|Seeking Of The Truth<br>(feat. Taryn Manning)|Liquid Dubstep|0B8_nDMQp-qqCSVc2THR4UHROejg
thementalist|Mr FijiWiji|The Mentalist|Liquid Dubstep|0B8_nDMQp-qqCRHc0aEFrUkQ2Rkk
nightsinbangalore|Varien|Nights In Bangalore Part 2|Trap|0B8_nDMQp-qqCd2VwM28xaDNGRFE
bringthemadness|Excision & Pegboard Nerds|Bring The Madness<br>(feat. Mayor Apeshit)|Drumstep|0B8_nDMQp-qqCVHRrMGU5WG9oWFE
breakdownvip|Noisestorm|Breakdown VIP|Drumstep|0B8_nDMQp-qqCNHNWMHIxREcybGM
legends|Razihel|Legends<br>(feat. TeamMate)|Festival Trap|0B8_nDMQp-qqCQjZvXzdaQnZINVE
renegade|Noisestorm|Renegade|Complextro|0B8_nDMQp-qqCenRzUFpJZ3FPYnM
buildthecities|Karma Fields|Build The Cities<br>(feat. Kerli)|Karma Fields|0B8_nDMQp-qqCVjdZbkswcGZiR1U
snakeeyes|Feint|Snake Eyes<br>(feat. CoMa)|Dancefloor Drum & Bass|0B8_nDMQp-qqCdFc3N0t5SjU5SE0
faraway|Tristam & Braken|Far Away|Electro House|0B8_nDMQp-qqCNUZOQ2VNVEhlMkU
waytoodeep|Grabbitz|Way Too Deep|Brostep|0B8_nDMQp-qqCdWduTTdmamE0bXM
mrdoctor|Tristam|Mr. Doctor|Brostep|0B8_nDMQp-qqCcFBDTlBjWTRWa2s
flyingspaghettimonster|Doctor P|Flying Spaghetti Monster|Glitch Hop|0B8_nDMQp-qqCWGh5LWFZcG9INTQ
fairytaler|F.O.O.L|Fairytaler|Liquid Dubstep|0B8_nDMQp-qqCa2E2dmpJTzA4bGc
genesis|Protostar|Genesis|Glitch Hop|0B8_nDMQp-qqCazAzRy1VU0x4UTQ
seeyou|WRLD & Richard Caddock|See You|Indie Dance|0B8_nDMQp-qqCdENGRU5OZ2xiLTA
orbit|WRLD|Orbit<br>(feat. Richard Caddock)|Future Bass|0B8_nDMQp-qqCY0pBaTRlNWtnUUU
onelook|LVTHER|One Look<br>(feat. Mammals)|Indie Dance|0B8_nDMQp-qqCZ0hKYVI0MGlERFk
precipitate|AZEDIA|Precipitate|Liquid Dubstep|0B8_nDMQp-qqCYUFKa2N6VFcxczQ
valkyrie|Varien|Valkyrie|Symphonic Rock|0B8_nDMQp-qqCaGVrQXJUUWZiNDg
valkyrie2|Varien|Valkyrie II: Lacuna|Symphonic Rock|0B8_nDMQp-qqCcjBkTE9FLXBvc28
smoothcriminal|Haywyre|Smooth Criminal|Complextro|0B8_nDMQp-qqCaUxqNjU4NzZyVzA
thewayilikeit|Mandy Capristo|The Way I Like It<br>(Mutrix Remix)|Brostep|0B8_nDMQp-qqCcnRtc2c4eGxhR0U
rescueme|Insan3Lik3|Rescue Me<br>(feat. Jonny Rose)|Indie Dance|0B8_nDMQp-qqCdml5UVZTblZQU28
flight|Tristam & Braken|Flight|Drumstep|0B8_nDMQp-qqCUFA4LTBGaHNmaGc
boundless|Aero Chord|Boundless|Festival Trap|0B8_nDMQp-qqCdldXNXUwQk9QMTQ
rattlesnake|Rogue|Rattlesnake|Hybrid Trap|0B8_nDMQp-qqCNWZnajR1SWdhcUU
snowblind|Au5|Snowblind<br>(feat. Tasha Baxter)|Brostep|0B8_nDMQp-qqCQjRfRTNCUUpneDg
championswrld|Astronaut|Champions<br>(WRLD Remix)|Future Bass|0B8_nDMQp-qqCZWdHWmVpQzJ4M3M
pounce|Falcon Funk|Pounce|Glitch Hop|0B8_nDMQp-qqCd25IRERSX2RPLUk
runawayfromme|DotEXE|Run Away From Me|Liquid Drumstep|0B8_nDMQp-qqCQzFVWHJyVjlQNVE
killitwithfire|DotEXE|Kill It With Fire|Brostep|0B8_nDMQp-qqCb2VnNW8zNG1DYjg
killinit|Krewella|Killin' It|Drumstep|0B8_nDMQp-qqCUDhnSUJjR2FVSG8
fresh|23|Fresh|Brostep|0B8_nDMQp-qqCLU9UekNnQUZHeFk
discodancer|Matduke|Disco Dancer|Electro House|0B8_nDMQp-qqCa1QzSFNqSDh6MjQ
internetrebellion|Arion|Internet Rebellion|Liquid Dubstep|0B8_nDMQp-qqCVUVMS3hzT1ZLU2c
evolution|Mr FijiWiji|Evolution<br>(feat. Laura Brehm)|Trip Hop|0B8_nDMQp-qqCWUxVSm9GMFBSRGM
growingup|Mr FijiWiji|Growing Up<br>(feat. Openwater)|Dubstep|0B8_nDMQp-qqCc1gyMHEweThMemc
cinemaskrillex|Benny Benassi|Cinema<br>(Skrillex Remix)|Brostep|0B8_nDMQp-qqCRnFjWWhxUUdodG8
contact|Fractal|Contact|Liquid Dubstep|0B8_nDMQp-qqCUmNEYnBIYnFORFE
elements|Fractal|Elements|Liquid Dubstep|0B8_nDMQp-qqCMFhPb09MM0VLMUU
mountains|Rameses B|Mountains<br>(feat. Veela)|Liquid Drum & Bass|0B8_nDMQp-qqCbFh6NHp4dEhoYjQ
dreamcatcher|Rameses B|Dream Catcher<br>(feat. Charlotte Haining)|Liquid Drum & Bass|0B8_nDMQp-qqCYjVVR0dMTmp2TUk
welove|Rameses B|We Love|Liquid Drum & Bass|0B8_nDMQp-qqCRi1ydXp0ZkdEblE
keeponrocking|F.O.O.L|Keep On Rocking|Electro House|0B8_nDMQp-qqCeG1oU3dTWFJYMzg
againstthesun|Rootkit|Against the Sun<br>(feat. Anna Yvette)|Liquid Drumstep|0B8_nDMQp-qqCWWtLX2NtRXZLNWc
doit|Rootkit|Do It|Liquid Drumstep|0B8_nDMQp-qqCNU92anRIcHQ0UUU
breakthem|Aero Chord|Break Them<br>(feat. Anna Yvette)|Hybrid Twerk Trap|0B8_nDMQp-qqCWDEzUTRzcjcyYTA
believe|Trivecta|Believe<br>(feat. Connor Zwetcsh)|Liquid Dubstep|0B8_nDMQp-qqCc09fTnkxcW91Smc
cloudnine|Grant Bowtie|Cloud Nine|Future Bass|0B8_nDMQp-qqCb3ctc25rMmQ5enc
dancetoit|Tut Tut Child|Dance To It|Moombahcore|0B8_nDMQp-qqCVE9LMmRId0duZnM
awesometothemax|Ephixa|Awesome To The Max|Brostep|0B8_nDMQp-qqCNXhVUzgwVXJ2dGc
frameofmind|Tristam & Braken|Frame Of Mind|Dancefloor Drum & Bass|0B8_nDMQp-qqCM2xZQUc3QWxEOVk
errorcode|Case & Point|Error Code|Electro House|0B8_nDMQp-qqCNDkyZXROUEl4R0U
one|Mutrix|One|Drumstep|0B8_nDMQp-qqCTzQzdXdjbldESzA
comebacktome|DotEXE|Come Back To Me|Liquid Drumstep|0B8_nDMQp-qqCdlN4RXoxRTZNQW8
thegirlephixa|Hellberg|The Girl (feat. Cozi Zuehlsdorff)<br>(Ephixa Remix)|Electro Trance|0B8_nDMQp-qqCZ3VaVjZmUjItR28
feelalive|Insan3Lik3|Feel Alive<br>(feat. Charlotte Haining)|Liquid Dubstep|0B8_nDMQp-qqCbEpGSjdPWVUyRWM
falconpunch|Razihel|Falcon Punch|Brostep|0B8_nDMQp-qqCenAtYm1YWE9YalE
pixelate|Onnanoko|Pixelate|Future Bass|0B8_nDMQp-qqCdVVCSy03WjlsNGs
beatitmutrix|Michael Jackson|Beat It<br>(Mutrix Remix)|Brostep|0B8_nDMQp-qqCdEtkQUVtdHhaQjA
breakitdown|Oscillator Z|Break It Down|Drumstep|0B8_nDMQp-qqCMTB4SkhCaTVueEU
truth|Tristam|Truth|Electro House|0B8_nDMQp-qqCWDJTUjYzRG5YWDA
fullcircle|Volant|Full Circle|Glitch Hop|0B8_nDMQp-qqCOW1hM0l1eHViN2c
barracuda|Noisestorm|Barracuda|Electro Breaks|0B8_nDMQp-qqCVlVtU0tUaEJJbEU
usandthealiens|Stephen Walking|The Difference Between Us And The Aliens|Electro House|0B8_nDMQp-qqCY1BMbWhuaVVQYmc
memory|Direct|Memory<br>(feat. Holly Drummond)|Downtempo|0B8_nDMQp-qqCMDNoS18xVDZwVGc
parallax|Direct|Parallax|Deep Dubstep|0B8_nDMQp-qqCeHZTbHUzejV3aW8
freemyworld|Direct|Free My World|Liquid Dubstep|0B8_nDMQp-qqCMjNVdFZIaC1ZYU0
birdsonthewire|Tut Tut Child|Birds On The Wire<br>(feat. Augustus Ghost)|Downtempo|0B8_nDMQp-qqCZW1ZeTgzSmZPRDg
portavista|Hyper Potions|Porta Vista|Future Bass|0B8_nDMQp-qqCYVh2MWRkN1lXeEk
hypnotic|Vanic ^x Zella Day|Hypnotic|Future Bass|0B8_nDMQp-qqCNHJSME15eHFHWnM
raw|Going Quantum|Raw|Hybrid Trap|0B8_nDMQp-qqCdXluZHQ4OVFXT3c
hybrid|Faux|Hybrid|Synthwave|0B8_nDMQp-qqCX2twTWRRSUJ3Ukk
canvas|Rezonate|Canvas|Indie Dance|0B8_nDMQp-qqCMFZxaW1kMEJwdjA
hummingbird|Tut Tut Child|Hummingbird<br>(feat. Augustus Ghost)|Liquid Dubstep|0B8_nDMQp-qqCZEpOSjd0MjVreG8
stronger|Stonebank|Stronger<br>(feat. EMEL)|UK Hardcore|0B8_nDMQp-qqCVzdyMmZxSHRWX1U
empireofsound|Tristam ^x Karma Fields|Build The Cities (Empire Of Sound)<br>(feat. Kerli)|Karma Fields|0B8_nDMQp-qqCVUs3ZDhmWTg5Yk0
victory|San Holo|Victory|Future Bass|0B8_nDMQp-qqCcWpOdFk5N21ycTg
holdfast|San Holo|Hold Fast|Future Bass|0B8_nDMQp-qqCNUpLekhDV24xamM
shrooms|San Holo|Shrooms|Future Bass|0B8_nDMQp-qqCZG1TT3NGaVcwMkk
tillitsover|Tristam|Till It's Over|Moombahcore|0B8_nDMQp-qqCYWltSFlnS2c2NU0
lastofthemonth|REDD|Last Of The Month (Solstice)|Brostep|0B8_nDMQp-qqCZTFXUy1BM292T1U
socksnsandals|VOiDTEK|Socks 'n Sandals|Deep House|0B8_nDMQp-qqCd2xpeUpESGFYa2s
coffins|Pegboard Nerds ^x MisterWives|Coffins|Hybrid Trap|0B8_nDMQp-qqCYzgySHAwa0FSU0k
bassdownlow|The Cataracs|Bass Down Low<br>(Proper Villains Remix)|Brostep|0B8_nDMQp-qqCRU9nSnlfS09md1E
myheart|Different Heaven & EH!DE|My Heart|Drumstep|0B8_nDMQp-qqCWWJDV0ZqOXlsaGM
always|Panama|Always<br>(Wave Racer Remix)|Future Bass|0B8_nDMQp-qqCb1FCUTJQVTNxVGs
overtheedge|James Labrie|Over The Edge<br>(Mutrix Remix)|Drumstep|0B8_nDMQp-qqCQTVURWlINFlFT2s
thegirldifferentheaven|Hellberg|The Girl (feat. Cozi Zuehlsdorff)<br>(Different Heaven Remix)|Big-Room House|0B8_nDMQp-qqCNk50cHlaVzVWMnc
thegirlrhr|Hellberg|The Girl (feat. Cozi Zuehlsdorff)<br>(Rapid Heart Rate Remix)|Brostep|0B8_nDMQp-qqCRzc2dE52SHluUlk
hunter|Rapid Heart Rate|Hunter|Brostep|0B8_nDMQp-qqCVmF6WDdvRDl6aTg
ghosttown|Draper|Ghost Town|Liquid Dubstep|0B8_nDMQp-qqCQVF2cG84eFJSQ3M
sleighride|FutureFreqs|Sleigh Ride<br>(feat. Alexa Lusader)|Glitch Hop|0B8_nDMQp-qqCaGF5S1ZLaWxRMFU
breakthefall|Laura Welsh|Break The Fall<br>(Gemini Remix)|Liquid Dubstep|0B8_nDMQp-qqCX29uWElCUFJwRmc
trythis|Pegboard Nerds|Try This|Liquid Drumstep|0B8_nDMQp-qqCT2c5U3VIbElfSFk
sweetspot|Flo Rida|Sweet Spot (feat. Jennifer Lopez)<br>(Mutrix Remix)|Future Bass|0B8_nDMQp-qqCeUNGeXByUUk1OUU
chairs|Tristam|Chairs|Drumstep|0B8_nDMQp-qqCODFCUktjQnJQYmc
deya|Televisor|Deya<br>(feat. Patrick Baker)|Nu-Disco|0B8_nDMQp-qqCTWJjU2xyd05EQ0E
thepressure|Stonebank|The Pressure|UK Hardcore|0B8_nDMQp-qqCRnpZcm9COVh3cXM
weare|Rich Edwards|We Are<br>(feat. Danyka Nadeau)|Big-Room House|0B8_nDMQp-qqCR1duQXoyRE5xbnM
back2you|Hellberg|Back2You|Big-Room House|0B8_nDMQp-qqCTDdZUzRtNG5UOGM
sharkcity|Stephen Walking|Shark City|Glitch Hop|0B8_nDMQp-qqCejk5Zmg4aFJ4ODA
nightafternight|Rogue|Night After Night|Outrun|0B8_nDMQp-qqCWkFrOWlveG9pdEU
divided|Slips & Slurs|Divided|Hybrid Twerk Trap|0B8_nDMQp-qqCSi1hRU9BR0dHQTA
edmmegamix|Muzzy|E.D.M Big Room House ultramegamix|ayy lmao|0B8_nDMQp-qqCbVpOTjN3YUlwZjA
followme|Tristam|Follow Me|Brostep|0B8_nDMQp-qqCTzVidFdELUVzcVE
hello|Going Quantum|Hello?|Brostep|0B8_nDMQp-qqCTHY0LTdEZC1kMVk
closer|Laszlo|Closer|Synthpop|0B8_nDMQp-qqCeDFBYW9sU01Da0E
rebirth|Rezonate|Rebirth<br>(feat. Ashley Apollodor)|Glitch Hop|0B8_nDMQp-qqCLXJHNE4tNldaR2c
thetravelingstranger|Faux|The Traveling Stranger|Future Garage|0B8_nDMQp-qqCZDZidDFwUWVYLUU
btcgrabbitz|Karma Fields|Build The Cities (feat. Kerli)<br>Grabbitz Remix|Karma Fields|0B8_nDMQp-qqCR3RNZDZhdGNYM00
btcproject46|Karma Fields|Build The Cities (feat. Kerli)<br>Project 46 Remix|Karma Fields|0B8_nDMQp-qqCWUluV2dOR0dnbXM
thisisnottheend|Krewella & Pegboard Nerds|This Is Not The End|Brostep|0B8_nDMQp-qqCN08wRzh6Q3EzZkE
herewithyounow|Grabbitz|Here With You Now|Drumstep|0B8_nDMQp-qqCRS1Mems1R2dYLWs
bleed|Timmy Trumpet & SCNDL|Bleed|Melbourne Bounce|0B8_nDMQp-qqCS1ZYalNsWjFNblk
lovedagain|AZEDIA|Loved Again|Liquid Dubstep|0B8_nDMQp-qqCenp0WXh3Q1czYlE
something|AZEDIA|Something|Liquid Dubstep|0B8_nDMQp-qqCelRBdmJEUXJUM0U
diamonds|Going Quantum ^x Noisestorm|Diamonds In The Rough<br>(feat. Mayor Apeshit & Danyka Nadeau)|ayy lmao|0B8_nDMQp-qqCcEJmeWZ5Ukx2QTA
roses|Deon Custom|Roses|Future Bass|0B8_nDMQp-qqCSGgwYmdSWkJ1X3M
titans|Razihel & Aero Chord|Titans|Festival Trap|0B8_nDMQp-qqCMmRXT3FnX3luaVE
hipstercutthroat|DotEXE|Hipster Cutthroat|Moombahcore|0B8_nDMQp-qqCWmIzWGRCYXkyelk
killingtime|Droptek|Killing Time<br>(feat. Isabel Higuero)|Dancefloor Drum & Bass|0B8_nDMQp-qqCV3F2OWMzZmpsMTA
getcrazy|Muzzy|Get Crazy|Dancefloor Drum & Bass|0B8_nDMQp-qqCQm9xZHNtRTRNOVE
everythingsdifferent|Bustre|Everything's Different|Liquid Drum & Bass|0B8_nDMQp-qqCcjZONzlET0phbGM
turbopenguin|Sound Remedy & Nitro Fun|Turbo Penguin|Electro House|0B8_nDMQp-qqCLTBPNUl0NWtXb2s
safeandsound|Nitro Fun|Safe & Sound<br>(feat. Danyka Nadeau)|Big-Room House|0B8_nDMQp-qqCVG9jSzg2dUpOaFE
breathe|Tut Tut Child|Breathe<br>(feat. Danyka Nadeau)|Liquid Drumstep|0B8_nDMQp-qqCekl0Zlp4bVFnVnM
videoboy|Soulero|Video Boy|Electro House|0B8_nDMQp-qqCNHlWWnVyY0xvZVk
lawofthejungle|Laszlo|Law Of The Jungle|Synthpop|0B8_nDMQp-qqCSllZX2tsY0J4ZEk
mcatlive|Didrick|Monstercat Live Performance<br>3 Year Anniversary Mix)|Complextro|0B8_nDMQp-qqCWlh6WFNoN1RNdGs
$cow|Faux|$Cow|Chiptune|0B8_nDMQp-qqCU0ozbjFIS3E3Yms
swampthing|Pegboard Nerds|Swamp Thing|Electro Breaks|0B8_nDMQp-qqCM2RSVGlxU0kxTEE
adventures|Hyper Potions & Subtact|Adventures|Future Bass|0B8_nDMQp-qqCSFBJOWpPUDdSZGM
watching|Summer Was Fun|Watching (feat. Colordrive)|Indie Dance|0B8_nDMQp-qqCYVd1YXFSNktWY2s
toothlesshawkins|Varien & Razihel|Toothless Hawkins<br>(And His Robot Jazz Band)|Moombahcore|0B8_nDMQp-qqCMWpGbDBOQjhOblE
aphasia|Mr FijiWiji|Aphasia|Ambient Breaks|0B8_nDMQp-qqCUWJEVUZHdEk3SHc
thundergun|1up|Thundergun|Brostep|0B8_nDMQp-qqCUVhfQ3FzRElaSTA
timebomb|Feint & Boyinaband|Time Bomb<br>(feat. Veela)|Dancefloor Drum & Bass|0B8_nDMQp-qqCSGstdktLTzB5cUk
backandforth|Haywyre|Back and Forth|Glitch Hop|0B8_nDMQp-qqCV1RuOVl2QzBJNms
fromthedust|Rogue|From The Dust|Liquid Drumstep|0B8_nDMQp-qqCUFc3OC1VZU5EZE0
throughthedark|Rogue|Through The Dark|Big-Room House|0B8_nDMQp-qqCaTVNUUVZSVRjYWc
wuxia|Mitchell Claxton|Wuxia|Uplifting Trance|0B8_nDMQp-qqCak9IakpuMzI3NkE
dropthatchild|Droptek & Tut Tut Child|Drop That Child|Brostep|0B8_nDMQp-qqCTTFXS0xDWHJlVms
tothestars|Braken|To The Stars|Liquid Drumstep|0B8_nDMQp-qqCZTg5ODlsTjIxMWM
knockmeout|Eminence|Knock Me Out<br>(feat. Anna Cyzon)|Progressive House|0B8_nDMQp-qqCM3prQ0xKRlJRd0E
getcrazyagno3|Muzzy|Get Crazy<br>(AgNO3 Remix)|Drumstep|0B8_nDMQp-qqCZU01bDdqV3dpbWc
feelingstronger|Muzzy|Feeling Stronger<br>(feat. Charlotte Colley)|Liquid Drum & Bass|0B8_nDMQp-qqCQkVKcUFUdUdISEk
feelingstrongerhm|Muzzy|Feeling Stronger (feat. Charlotte Colley)<br>(High Maintenance Remix)|Dancefloor Drum & Bass|0B8_nDMQp-qqCcnc5eGRNNjBxeWM
feelingstrongerponct|Muzzy|Feeling Stronger (feat. Charlotte Colley)<br>(Priority One & NCT Remix)|Liquid Drum & Bass|0B8_nDMQp-qqCUXNwNzZ6N0lxZzg
firehivetristam|Knife Party|Fire Hive<br>(Tristam Remix)|Moombahcore|0B8_nDMQp-qqCX0EwRFlVeUhDYkU
neontristam|Doctor P|Neon (feat. Jenna G)<br>(Tristam Remix)|Glitch Hop|0B8_nDMQp-qqCOHY1amRlWXM0OEE
saturdaymorningspaceride|Stephen Walking & Hyper Potions|Saturday Morning Space Ride|Future Bass|0B8_nDMQp-qqCMG5KSjBuaGUycHc
imgoingdowndotexe|Tristam|I'm Going Down<br>(DotEXE Remix)|Drumstep|0B8_nDMQp-qqCZjRIRExoOFlqNE0
razorsharpaerochord|Pegboard Nerds & Tristam|Razor Sharp<br>(Aero Chord Remix)|Electro House|0B8_nDMQp-qqCX2ZyMmRmZG05a0E
viridianvinylrawr|SMOR3S|Viridian (feat. LilyCloud)<br>(Vinyl.rawr Remix)|Brostep|0B8_nDMQp-qqCQ1RIeWRNY0FaMWs
backtothewubwubs|Geez|Back To The Wubwubs|Glitch Hop|0B8_nDMQp-qqCOWN6S2hKSkx4dlk
bitsofhappiness|Geez|Bits Of Happiness|Glitch Hop|0B8_nDMQp-qqCLUV0d3FNSEQ1Yms
thegirlfiji|Hellberg|The Girl (feat. Cozi Zuehlsdorff)<br>(Mr. FijiWiji Remix)|Trip Hop|0B8_nDMQp-qqCYmlmNm1SSklnVnM
thegirlredza|Hellberg|The Girl (feat. Cozi Zuehlsdorff)<br>(Redza Remix)|Future Breaks|0B8_nDMQp-qqCd2w3TndFeVduTU0
fulldive|Articulate|Full Dive|Future Bass|0B8_nDMQp-qqCQ0ZkSTUwWlhzZm8
spin|Articulate|Spin|Liquid Drum & Bass|0B8_nDMQp-qqCTHhlZDU3Qi1KZTg
chaseit|WRLD|Chase It<br>(feat. Savoi)|Nu-Disco|0B8_nDMQp-qqCOHQ3MmhFcnozYjA
aetherandlight|Varien|Aether And Light|Twerk Trap|0B8_nDMQp-qqCT1ZEbGl6dFMzY1U
lilith|Varien|Lilith|Dubstep|0B8_nDMQp-qqCUDdCRjdNRDlTQzg
morphine|Varien|Morphine|Electro-Industrial|0B8_nDMQp-qqCRXFtWnZHMFUyVFU
seduction|Varien|Seduction|Moombahcore|0B8_nDMQp-qqCbmVzWEZMT2hfZTQ
universal|TwoThirds|Universal|Dancefloor Drum & Bass|0B8_nDMQp-qqCemx2djY3SHlodGs
failure|Faux|Failure|Ambient Breaks|0B8_nDMQp-qqCWEhIRTR2SmZHOFU
moderncoffee|Faux|Modern Coffee|Liquid Drumstep|0B8_nDMQp-qqCWFpwUkFaZDhObjQ
sand|Faux|Sand|Liquid Dubstep|0B8_nDMQp-qqCSEV2bFJzY29LNFk
beast|Vicetone ^v^s. Nico Vega|Beast|Big-Room House|0B8_nDMQp-qqCdFNDUXV0X2laMGc
memoryfiji|Direct|Memory (feat. Holly Drummond)<br>(Mr FijiWiji Remix)|Chillout|0B8_nDMQp-qqCc2lVcXBnXzJZUjA
nocturne|EDEN|Nocturne|Indie Pop|0B8_nDMQp-qqCQm15OW1YdG1hT00
gravity|EDEN|Gravity|Indie Pop|0B8_nDMQp-qqCdldmRjc0TV91R2M
lifetime|ATO X EDEN|Lifetime|Indie Pop|0B8_nDMQp-qqCYmZyaFZUSEcwMUE
dead|Phoebe Ryan|Dead|Indie Pop|0B8_nDMQp-qqCaXk4Z1l4bVJabnM
gina|Mr FijiWiji|Gina|Liquid Drumstep|0B8_nDMQp-qqCdGh6elFDLXV5OWM
destroyingmyworld2|Mr FijiWiji|Destroying My World 2|Dubstep|0B8_nDMQp-qqCbHhRQl9WdFB0N2s
insecurities|Mr FijiWiji|Insecurities|Dubstep|0B8_nDMQp-qqCU2hTQ1ROckN2cU0
insomnia|Mr FijiWiji|Insomnia|Dubstep|0B8_nDMQp-qqCZ1F5WEF0YzRUNEU
insomniaf777|Mr FijiWiji|Insomnia<br>(F-777 Remix)|Drumstep|0B8_nDMQp-qqCT1dwNUR4enVLcG8
insomnianiuby|Mr FijiWiji|Insomnia<br>(Niuby Remix)|Electro House|0B8_nDMQp-qqCbXVlLXI5TlVUclU
insomniamakro|Mr FijiWiji|Insomnia<br>(MAKRO Remix)|Dubstep|0B8_nDMQp-qqCNlRORGFuUTU0VE0
somewobblesnoisestorm|Ephixa|Some Wobbles<br>(Noisestorm Remix)|Brostep|0B8_nDMQp-qqCUG9pSUgzZFc0blE
darling|Said The Sky|Darling<br>(feat. Missio)|Future Bass|0B8_nDMQp-qqCYTZzZHBxNFpoX0k
deadlouisvivet|Phoebe Ryan|Dead<br>(Louis Vivet Remix)|Synthpop|0B8_nDMQp-qqCTUp5T1UxcmRvUlU
dreaming|Rameses B|Dreaming<br>(feat. Holly Drummond)|Liquid Drum & Bass|0B8_nDMQp-qqCbjl3WHl1RFVOams
hush|Biometrix|HUSH<br>(feat. Charli Brix)|Trap|0B8_nDMQp-qqCMVhXcHpqUEcxQmM
minewinandwoo|Phoebe Ryan|Mine<br>(Win & Woo Remix)|Tropical House|0B8_nDMQp-qqCcXBTOFkxa3gwODA
stepup|Subtact|Step Up|Glitch Hop|0B8_nDMQp-qqCMTlycGlTc2VvTU0
waytoodeeplive|Grabbitz|Way Too Deep<br>(Live Session)|Acoustic|0B8_nDMQp-qqCTS02NkNyUE9UR1U
spectrum|Zedd|Spectrum<br>(feat. Matthew Koma)|Big-Room House|0B8_nDMQp-qqCWTlHUTVNcGtIQk0
spectrumrazihel|Zedd|Spectrum (feat. Matthew Koma)<br>(Razihel Remix)|Brostep|0B8_nDMQp-qqCX28zTXFYNGxVOUU
superhuman|Juventa|Superhuman<br>(feat. Kelly Sweet)|Big-Room House|0B8_nDMQp-qqCZTA0alBkekFpSUk
superhumanculturecode|Juventa|Superhuman (feat. Kelly Sweet)<br>(Culture Code Remix)|Liquid Dubstep|0B8_nDMQp-qqCS0tKY0E3bDBlSUE
moveintolightkoven|Juventa|Move Into Light (feat. Erica Curran)<br>(Koven Remix)|Liquid Dubstep|0B8_nDMQp-qqCUURwM1hlT1pMc00
ratchetmeow|Zeds Dead|Ratchet<br>(Meow Version)|Trap|0B8_nDMQp-qqCZjhLTFJLVEpKcTA
wings|Archie|Wings<br>(feat. Maria)|Progressive House|0B8_nDMQp-qqCTl8ycUpTY1FHRG8
donewithlove|Zedd|Done With Love|Electro House|0B8_nDMQp-qqCaDg3eUl5WG9uOUU
wakingdreams|TwoThirds|Waking Dreams<br>(feat. Laura Brehm)|Progressive House|0B8_nDMQp-qqCbmVrTGo5cWdTeVk
wakingdreamsvip|TwoThirds|Waking Dreams (feat. Laura Brehm)<br>(Drum & Bass VIP Mix)|Drum & Bass|0B8_nDMQp-qqCUUM1NzBpY1BlV00
wakingdreamsinsan3lik3|TwoThirds|Waking Dreams (feat. Laura Brehm)<br>(Insan3Lik3 Remix)|Nu-Disco|0B8_nDMQp-qqCazNQbDFLNTZFTmc
wakingdreamshellberg|TwoThirds|Waking Dreams (feat. Laura Brehm)<br>(Hellberg Remix)|Big-Room House|0B8_nDMQp-qqCZEtZNHQ2WlFiQkE
wakingdreamssoulero|Two Thirds|Waking Dreams (feat. Laura Brehm)<br>(Soulero Remix)|Electro House|0B8_nDMQp-qqCQWY2bkVtdlhoeDQ
wakingdreamsephixa|TwoThirds|Waking Dreams (feat. Laura Brehm)<br>(Ephixa Remix)|Hard Trance|0B8_nDMQp-qqCTHBjdTN0R0xFSnM
mysteriousstranger|Tut Tut Child|Mysterious Stranger|Glitch Hop|0B8_nDMQp-qqCOWdGb3NkalhNRkk
maelstrom|Tut Tut Child|Maelstrom|Drumstep|0B8_nDMQp-qqCYkdobEZra2c0Vms
thevortex|Tristam|The Vortex|Brostep|0B8_nDMQp-qqCSzBCSXdfcnJmS3M
kings|Tristam|Kings|Brostep|0B8_nDMQp-qqCYWtlUlJldElRZVk
thelust|Tristam|The Lust|Brostep|0B8_nDMQp-qqCQjJrZklGSW02a0U
moonlightwip|Tristam|Moonlight|Liquid Drum & Bass|0B8_nDMQp-qqCWlJncFhaNXNJSzA
pushedaway|Tristam & Rogue|Pushed Away|Brostep|0B8_nDMQp-qqCVzNMZGgxVUpSeXM
guardian|Tristam|Guardian|Brostep|0B8_nDMQp-qqCZUoxT09NQk1fVEE
youngandfree|Tristam|Young And Free|Drumstep|0B8_nDMQp-qqCWF82NGdQZnBqaUU
bloodmoney|Tristam|Blood Money<br>(feat. Clean Kill)|Brostep|0B8_nDMQp-qqCbHVHU29kV08yY0E
hawklingstreet|Tristam|Hawkling Street<br>(feat. Miggel)|Brostep|0B8_nDMQp-qqCalB4dll6cTB1RHc
youclearlyletitshow|Tristam|You Clearly Let It Show|Brostep|0B8_nDMQp-qqCLXpxcXFZckhTSXM
iyawayowe|Tristam & Rogue|Nocturne (Iyawa Yowe)|Drumstep|0B8_nDMQp-qqCZS1qTEExb0FFRms
reactions|Tristam & Rogue|Reactions|Complextro|0B8_nDMQp-qqCaTViQWtxRU9YNDA
one|Tristam & Rogue|One|Brostep|0B8_nDMQp-qqCNEwxWXZlVHNWd1k
rewel|Tristam & Rogue|ReWel|Brostep|0B8_nDMQp-qqCcGl1TkxLbTE3QWc
flamewar|Tristam & Rogue|Flamewar|Electro House|0B8_nDMQp-qqCQS1laVNWdnBkUDg
thegirlcolorsource|Hellberg|The Girl (feat. Cozi Zuehlsdorff)<br>(Color Source Remix)|Future Bass|0B8_nDMQp-qqCS2UxcHlBaEh2eWs
glow|Richard Caddock|Glow|Future Bass|0B8_nDMQp-qqCZmFwekpnNWs1Xzg
restart|Subtact|Restart|Future Bass|0B8_nDMQp-qqCZzNoRUZ2My1mYWc
mollyandoj|?Z ^x Salva|Molly & OJ|Trap
bulldozer|?Z ^x Clicks & Whistles|Bull Dozer|Trap
trapshitv3|?Z|Trap Shit V3 (I Got This)<br>(feat. Trae Da Truth, Problem, & Trinadad James)|Trap
trapshitv2|?Z|Trap Shit V2 (Story Of A Champion)<br>(feat. Thoth)|Trap
trapshitv5|?Z|Trap Shit V5 (Bout To Go Crazy)<br>(feat. Problem)|Trap
lurk|?Z|Lurk<br>(feat. Djemba Djemba & Arnold)|Trap
booty2thegroundvip|?Z ^x CRNKN|Booty 2 The Ground VIP|Trap
trapshitv15|?Z|Trap Shit V15 (Turn Up)<br>(feat. Casey Veggies & Iamsu!)|Trap
untitled|?Z|Untitled|Trap
trapshitv9|?Z|Trap Shit V9 (Shit I Ain't Got)<br>(feat. Paz)|Trap
trapshitv11|?Z|Trap Shit V11 (I Ain't Got No Patience)<br>(feat. Trinidad James)|Trap
hieroglyph|Day One|Hieroglyph|Liquid Drumstep|0B8_nDMQp-qqCQXFFajE4Mlc0bEk
whispersinthemist|Varien|Whispers In The Mist|Neofolk|0B8_nDMQp-qqCUTRqbUNUc3B2aVk
warhead|Muzzy & Droptek|Warhead|Neurofunk|0B8_nDMQp-qqCUE5Uc2lIZDJaZUk
endcredits|EDEN|End Credits<br>(feat. Leah Kelly)|Indie Pop|0B8_nDMQp-qqCRzYybFRQa0FEazA
theancientandarcane|Varien|The Ancient & Arcane (Intro)|Ambient Breaks
snowlight|Varien|Snowlight|Trip Hop|0B8_nDMQp-qqCUFh0TkpyUjF1RjQ
supercell|Varien|Supercell<br>(feat. Veela)|Future House|0B8_nDMQp-qqCUWZFSkNqNzUwemM
transmissionsfromlemuria|Varien|Transmissions From Lemuria|Electro Swing|0B8_nDMQp-qqCaFRoOEtnb1RZU0E
hypnotique|Varien|Hypnotique<br>(feat. Charlotte Haining)|Twerk Trap|0B8_nDMQp-qqCMGZjMVpzREtVbUU
firefly|Varien|Firefly (Intermission)|Neofolk|0B8_nDMQp-qqCOGZZRkJoODFOOVE
kamisama|Varien|Kamisama<br>(feat. Miyoki)|Future Bass|0B8_nDMQp-qqCNDRqOVB0WlNVVjQ
ghostspores|Varien|Ghost Spores<br>(feat. Laura Brehm)|Twerk Trap|0B8_nDMQp-qqCS1g5Y1FvZTJMUUU
idlehands|EXGF|Idle Hands|Indie Pop|0B8_nDMQp-qqCWXN0bTBjUlQzMms
betogethervanic|Major Lazer|Be Together (feat. Wild Belle)<br>(Vanic Remix)|Future Bass|0B8_nDMQp-qqCaUxaeHg0dm14c2M
soulseller|SWEET+TALKER|Soul Seller|Indie Pop|0B8_nDMQp-qqCblowa1RtVnpqXzA
werise|San Holo|We Rise|Future Bass|0B8_nDMQp-qqCUEJNSUd5dkpaMms
katie|Von Grey|Katie<br>(LYNOS Remix)|Future Bass|0B8_nDMQp-qqCd0xERzB5VFZja1U
iwalkalone|Penguin Soup|I Walk Alone<br>(feat. Iris Eye)|Synthpop|0B8_nDMQp-qqCLXF5ZzRmbk8yaDA
ancientionika|Dvinity|Ancient<br>(Ionika Remix)|Dubstep|0B8_nDMQp-qqCeDlvSWZkRzF3WUE
pyramids|DVBBS & Dropgun|Pyramids (feat. Sanjin)<br>(More Kords' &quot;This Is What's Wrong With EDM&quot; Mix)|Festival Trap|0B8_nDMQp-qqCR0NXYVhobjYyT0k
aletheiaslullaby|Elpis|Aletheia's Lullaby|Liquid Dubstep|0B8_nDMQp-qqCdmNWdnhtUC1ZUWM
emera|Elpis|Emera (Future)|Liquid Dubstep|0B8_nDMQp-qqCWkR4U2M2OVJId3M
kairos|Elpis|Kairos|Liquid Dubstep|0B8_nDMQp-qqCUmhDT09BTHdBNWs
oneminuteecmk|Krewella|One Minute<br>(ExChanges & More Kords Remix)|Liquid Dubstep|0B8_nDMQp-qqCMTdtNHdDVWt3SmM
fragmentize|More Kords|Fragmentize<br>(feat. Miyoki)|Liquid Dubstep|0B8_nDMQp-qqCM1JqM1RteVVPc1U
gladiatorvip|More Kords|Gladiator (feat. TMT)<br>(Drum & Bass VIP Mix)|Dancefloor Drum & Bass|0B8_nDMQp-qqCaXlJcTBTSWNsYTQ
paradise|More Kords|Paradise|Tropical House|0B8_nDMQp-qqCLXZyRExXeUVxcmc
again|Kasbo|Again|Future Bass|0B8_nDMQp-qqCTnZPemFkSi1OUWM
cynical|Mr FijiWiji|Cynical<br>(feat. CoMa)|Ambient Breaks|0B8_nDMQp-qqCNi1QejRxSkwzZ1U
beautiful|Mr FijiWiji|Beautiful<br>(feat. Laura Brehm)|Dubstep|0B8_nDMQp-qqCbXBDWUpsdWRQRzg
believeher|Mr FijiWiji|Believe Her<br>(feat. Meron Ryan)|Future House|0B8_nDMQp-qqCUnViU1dUOWRKSDA
letmeout|Mr FijiWiji|Let Me Out|Future House|0B8_nDMQp-qqCbmx2SFk1U3lhUU0
outonalimb|Mr FijiWiji|Out On A Limb<br>(feat. Johnny Rose)|Future House|0B8_nDMQp-qqCT2FUYWdjZEQ4UUU
yourstruly|Mr FijiWiji|Yours Truly<br>(feat. Danyka Nadeau)|Future Garage|0B8_nDMQp-qqCVHhETnZJc3pVY1k
imaginaryfriend|Mr FijiWiji|Imaginary Friend<br>(feat. Brenton Mattheus)|Liquid Dubstep|0B8_nDMQp-qqCWk9oNkRreEZVSmc
hysteria|Mr FijiWiji & Direct|Hysteria|Ambient Breaks|0B8_nDMQp-qqCZmwxRlktVW93Q1k
entropy|Mr FijiWiji & Direct|Entropy|Future House|0B8_nDMQp-qqCR0NYcEQxbkZyOWs
sentient|Mr FijiWiji & Tülpa|Sentient|Ambient Breaks|0B8_nDMQp-qqCa2NTeWJ3VE1rdU0
doesntfeellikechristmas|Mr FijiWiji & Jason Horecky|Doesn't Feel Like Christmas|Dubstep|0B8_nDMQp-qqCWmNkbDFLSkpsWDQ
rockthehouse|Matduke|Rock The House|Freeform|0B8_nDMQp-qqCTjRRNmhMTE1MOUU
shivers|Matduke & Metzen|Shivers|Happy Hardcore|0B8_nDMQp-qqCV1paQVJ4U1cwcG8
hero|Pegboard Nerds ^x Elizaveta|Hero|UK Hardcore|0B8_nDMQp-qqCUjBaZnFCWjk3d00
concretejungle|Rootkit|Concrete Jungle<br>(feat. P.Keys)|Future House|0B8_nDMQp-qqCZWp5YzFpNkpKYlk
chrysalis|Protostar & Draper|Chrysalis|Glitch Hop|0B8_nDMQp-qqCNVJqR3M2cDlzczA
thebassex|Arion|The BASSEX|Brostep|0B8_nDMQp-qqCal9VRVctREc0bWM
spazzout|Arion|Spazz Out|Brostep|0B8_nDMQp-qqCd0w5Nk1nSGlzeEk
bigriddimmonsta|Dodge & Fuski vs 12th Planet|Big Riddim Monsta|Riddim|0B8_nDMQp-qqCbFhlNWtHNlhjb2M
quantumspagheddy|Astronaut|Quantum<br>(Spag Heddy Remix)|Brostep|0B8_nDMQp-qqCcUJTRmpxSjF6VVk
onenightonly|Trivecta|One Night Only<br>(feat. Yohamna Solange)|Liquid Dubstep|0B8_nDMQp-qqCX2RoQWtZeW9Ha1U
elderscrollsdubstep|Stephen Walking|The Elder Scrolls Dubstep<br>(Re-Orchestration)|Dubstep|0B8_nDMQp-qqCVFozS1NILS1IQ2M
claptrap|Stephen Walking|Claptrap|Hybrid Trap|0B8_nDMQp-qqCajBPWFk2ZVVXa2M
pizzaplanet|Stephen Walking|Pizza Planet|Moombahcore|0B8_nDMQp-qqCTlVCNnhGZVlqUzg
walkers|Stephen Walking|Walkers|Hybrid Trap|0B8_nDMQp-qqCc2RmeWxmRzVFYkk
topoftheworld2|Stephen Walking|Top Of The World 2|Moombahcore|0B8_nDMQp-qqCQWE0S1Rqd2c0OXc
inferno|Rich Edwards|Inferno|Electro House|0B8_nDMQp-qqCRHVqZjBHcUxIWVU
iceluna|Arcane|Ice Luna|Liquid Dubstep|0B8_nDMQp-qqCSTNNSVVuWF9hRVk
nobreathing|dwapb|No Breathing!|Chiptune|0B8_nDMQp-qqCaEpvYVNuQ0p1VG8
secretweapon|Au5 & Fractal|Secret Weapon|Brostep|0B8_nDMQp-qqCSDZoWmc1azRmclE
runawayfrommetristam|DotEXE|Run Away From Me<br>(Tristam Remix)|Brostep|0B8_nDMQp-qqCb3AxZ3NPaVJ0U0E
lights|Rezonate|Lights<br>(feat. KayoszX)|Complextro|0B8_nDMQp-qqCaTBVZXg5RXNnTk0
snowmanswag|Muzzy|Snowman Swag|Glitch Hop|0B8_nDMQp-qqCS1ZndDZXZVRpdlk
lostmetropolis|Muzzy|Lost Metropolis|Techstep|0B8_nDMQp-qqCMVc2UlpwY1lMUkk
badboi|Pegboard Nerds|BADBOI|Hybrid Trap|0B8_nDMQp-qqCc2hhS3JMUDgxYWM
fireinthehole|Pegboard Nerds|Fire In The Hole|Moombahcore|0B8_nDMQp-qqCaUZxWUc4YWRiajQ
pressurecooker|Pegboard Nerds|Pressure Cooker|Drumstep|0B8_nDMQp-qqCRGlfcHJYZXJhTTQ
thedivide|7 Minutes Dead|The Divide|Indie Dance|0B8_nDMQp-qqCYWhiMFExaTdYeVE
whitecity|Day One|White City|Liquid Drum & Bass|0B8_nDMQp-qqCR1JBSjFNa1ZNWXc
gamechanger|Day One|Game Changer|Moombahcore|0B8_nDMQp-qqCZXVTbFNiLXM5TGM
thephoenix|Rezonate|The Phoenix|Liquid Dubstep|0B8_nDMQp-qqCQWI1WXBxVmpaNDA
lonely|Rezonate|Lonely<br>(feat. Bijou)|Chillout|0B8_nDMQp-qqCYUdUVWFiQzNKTTA
pumpit|Rezonate|Pump It!|Complextro|0B8_nDMQp-qqCVkdtOU0yQnBzZzQ
transformations|Rameses B|Transformations<br>(feat. Laura Brehm)|Liquid Dubstep|0B8_nDMQp-qqCRWRWeF9KM0EtWk0
wearetherobots|Insan3Lik3|We Are The Robots<br>(feat. Temu)|Nu-Disco|0B8_nDMQp-qqCb0tpRVBDb2gtems
badpitched|Insan3Lik3|Bad Pitched|Complextro|0B8_nDMQp-qqCcjBjMmFKcGFSWWM
couchpotato|Jakubi|Couch Potato|Nu-Disco|0B8_nDMQp-qqCNkxRQ0N3cjZkRmM
obsession|Neilo|Obsession|Nu-Style|0B8_nDMQp-qqCRmRadkQ5dlNuVUk
airbacktosummer|Hellberg, Teqq & Taylr Renee|Air<br>(Hellberg's Back To Summer Mix)|Progressive House|0B8_nDMQp-qqCam5MSko1bHNsVzQ
move|Stephen Walking|Move|Twerk Trap|0B8_nDMQp-qqCWEJZQzBacGo3RlU
birthdaycake|Stephen Walking|Birthday Cake|Electro House|0B8_nDMQp-qqCNTFGekNuazlXMVU
eyeofra|Mutrix|Eye Of Ra|Drumstep|0B8_nDMQp-qqCcUp1QUw0d3JWVFE
demons|Mutrix|Demons<br>(feat. Alana)|Drumstep|0B8_nDMQp-qqCcDRoYVFUWlZ6bU0
awakening|Mutrix|Awakening|Electro House|0B8_nDMQp-qqCSWhHZzhUaUdRN2s
comealive|Mutrix|Come Alive<br>(feat. Charity Vance)|Liquid Dubstep|0B8_nDMQp-qqCUW1QOURBb2U4NVk
mastodonmutrix|Milk N Cookies|Mastodon (feat. Alina Renae)<br>(Mutrix Remix)|Hardstyle|0B8_nDMQp-qqCYzJOaE5QaDVlLWs
digitalshock|BeatMagik|Digital Shock (VIP Mix)|Brostep|0B8_nDMQp-qqCRkR2MjZUQkdINlE
holdingontosound|Stonebank|Holding On To Sound<br>(feat. Concept)|Moombahcore|0B8_nDMQp-qqCTzI5aTBncjgzZHc
bearshake|Tristam|Bear Shake|Moombahcore|0B8_nDMQp-qqCSk9DMWlPakVzekE
reasons|Project 46|Reasons<br>(feat. Andrew Allen)|Big-Room House|0B8_nDMQp-qqCby00UmdiblBfVWM
reflections|Mutrix|Reflections|Liquid Dubstep|0B8_nDMQp-qqCaldDbElRV1REQ1U
hustle|Mutrix|Hustle|Hybrid Trap|0B8_nDMQp-qqCdEsyS2duSzkwRTg
theexorcist|OMG & ShockWave|The Exorcist|Brostep|0B8_nDMQp-qqCeG1UaTZNdXFKVWM
weightingoldlouisvivet|Gallant|Weight In Gold<br>(Louis Vivet Remix)|Future Bass|0B8_nDMQp-qqCSHg5QjIwTjdPbkU
baebae|Rameses B|Bae Bae|Liquid Dubstep|0B8_nDMQp-qqCY0FNeE1lcEtuMUk
anotherlevel|Dr. Fresch|Another Level|Hybrid Trap|0B8_nDMQp-qqCNWp0ZjA4OFY2QWs
searchingforyou|Justice Skolnik|Searching For You|Synthpop|0B8_nDMQp-qqCRlRvdW5kemVURzg
popsicleswithfriends|Laxo|Popsicles With Friends|Future Bass|0B8_nDMQp-qqCUUwtNmJ3eVlEUnM
champagnereign|Micky Blue|Champagne Reign|Synthpop|0B8_nDMQp-qqCTUVVZkstdzh6aVU
ruminestelouse|Rozes|R U MINE<br>(StéLouse Remx)|Future Bass|0B8_nDMQp-qqCV1psemlDLWZjME0
neo-seoul|Varien & 7 Minutes Dead|Mirai Sekai Pt. 1: Neo-Seoul|Mirai Sekai|0B8_nDMQp-qqCYU0xR3NGVzROVHM
neo-tokyo|Varien & 7 Minutes Dead|Mirai Sekai Pt. 2: Neo-Tokyo|Mirai Sekai|0B8_nDMQp-qqCVmN1a0dtWVVZOUE
aeonmetropolis|Varien & 7 Minutes Dead|Mirai Sekai Pt. 3: Aeon Metropolis|Mirai Sekai|0B8_nDMQp-qqCSG90TVZBZ1dUcFU
goodnight_sequence|Varien & 7 Minutes Dead|Mirai Sekai Pt. 4: Goodnight_Sequence|Mirai Sekai|0B8_nDMQp-qqCWDRjcFJKWldHck0
braindead|Faux|Brain Dead|Industrial EDM|0B8_nDMQp-qqCQzZna3RnWFZUUVk
thelobby|Faux|The Lobby|Experimental|0B8_nDMQp-qqCMjZKOVFxTWZKSVk
littletooclose|WRLD|Little Too Close<br>(feat. Veronika Redd)|Indie Dance|0B8_nDMQp-qqCVmpfaUtmVmdDcHc
blurredvision|PYLOT|Blurred Vision|Indie Dance|0B8_nDMQp-qqCLUhWU1BJSFlub3M
runtoyou|Summer Was Fun|Run To You<br>(feat. Meron Ryan)|Big-Room House|0B8_nDMQp-qqCY0ZYRm9DZzlqYXc
tothesun|Hot Date! & Chrisson|To The Sun<br>(feat. Roufaida)|Dancefloor Drum & Bass|0B8_nDMQp-qqCdzdRSmIyc1BHOTA
overcome|Hot Date! & Chrisson|Overcome (This Time)|Dancefloor Drum & Bass|0B8_nDMQp-qqCaC1ncjdNU0cwMWM
strongarm|Stephen Walking|Strongarm|Brostep|0B8_nDMQp-qqCVEdMSkp4dHlwZzg
stillheavy|Stephen Walking|Still Heavy|Dubstep|0B8_nDMQp-qqCWWRETXN0blRBU1U
stillwalking|Stephen Walking|Still Walking|Brostep|0B8_nDMQp-qqCdjlZLUcwcjB3em8
excellentchoice|Stephen Walking|Excellent Choice|Glitch Hop|0B8_nDMQp-qqCN3JJNTM1R0VKeWs
animalinstinct|Stephen Walking|Animal Instinct|Drumstep|0B8_nDMQp-qqCVUo4b1BKU29GNDg
crave|Tristam|Crave|Electro House|0B8_nDMQp-qqCTURMX3k2b1ZDd00
thriftshopbartandbaker|Postmodern Jukebox|Thrift Shop<br>(Bart & Baker Electro Swing Remix)|Electro Swing|0B8_nDMQp-qqCVG5LZlMycHlKMzQ
gold|MEDASIN|GOLD|Future Bass|0B8_nDMQp-qqCUnhfajFDUU50VlU
airfijiwiji|Hellberg, Teqq & Taylr Renee|Air<br>(Mr FijiWiji Remix)|Trip Hop|0B8_nDMQp-qqCQkdqeGt2Uy1Mdm8
hurricaneagno3|Mat Zo|Hurricane<br>(AgNO3 Remix)|Drumstep|0B8_nDMQp-qqCb25SQTZ4RVlvRDQ
cantleavethenightagno3|BADBADNOTGOOD|Can't Leave The Night<br>(AgNO3 Remix)|Industrial Hip-Hop|0B8_nDMQp-qqCSzhBWWV6VksxOXM
easemymindagno3|Skrillex|Ease My Mind (feat. Niki the Dove)<br>(AgNO3 Remix)|Brostep|0B8_nDMQp-qqCOE5MRDhkUmJqN1k
yourstrulyvip|Mr FijiWiji|Yours Truly VIP<br>(feat. Danyka Nadeau)|Trip Hop|0B8_nDMQp-qqCaVZyT0wzR3FkY3c
angelsintro|Crywolf|Intro<br>(feat. Emalyn)|Acoustic EDM|0B8_nDMQp-qqCNXloVFFlcmRoeTA
eyeshalfclosed|Crywolf|Eyes Half Closed|Liquid Dubstep|0B8_nDMQp-qqCRTcwZlBIOFIxak0
whipser|Crywolf|Whisper<br>(feat. Emalyn)|Liquid Dubstep|0B8_nDMQp-qqCQUNTRzZJR1VNQlU
breakloose|Televisor|Break Loose|Nu-Disco|0B8_nDMQp-qqCdW54RndSN2laVWs
breakloosevolant|Televisor|Break Loose<br>(Volant Remix)|Glitch Hop|0B8_nDMQp-qqCOEYwVUZpT3I3Q0k
ultimatum|Rogue|Ultimatum|Trap|0B8_nDMQp-qqCOE9wTjhQQWFnYk0
atlantis|Au5|Atlantis|Brostep|0B8_nDMQp-qqCUXRwT29RTUgza3M
titansbounce|Razihel & Aero Chord|Titans<br>(Bounce Edit)|Melbourne Bounce|0B8_nDMQp-qqCcHVhNloyZEdTRmc
imissu|San Holo ^x Father Dude|IMISSU|Future Bass|0B8_nDMQp-qqCbVRYZlFHTUNma28
ourarrival|Laszlo|Our Arrival|Drumstep|0B8_nDMQp-qqCdFJLQTZ1VXhjTFE
akingslife|Laszlo|A King's Life|Electro House|0B8_nDMQp-qqCQWI2NkFIT0ZLb3M
destination|Laszlo|Destination|Synthpop|0B8_nDMQp-qqCVUJ3dTA5OXVaYlU
onyou|Draper|On You<br>(feat. Alby Hobbs)|Future Bass|0B8_nDMQp-qqCMWxLUFl5SE9KeTA
dontstop|Grabbitz|Don't Stop|Brostep|0B8_nDMQp-qqCemhMYmlURU85cmM
ballin|Grabbitz|Ballin'|Trap|0B8_nDMQp-qqCRWx5UE5aZ1pWQjg
fasterthanlight|Rameses B|Faster Than Light<br>(feat. Danyka Nadeau)|Glitch Hop|0B8_nDMQp-qqCbnh6RVNwQ3laQzA
wewontbealone|Feint|We Won't Be Alone<br>(feat. Laura Brehm)|Drum & Bass|0B8_nDMQp-qqCS2hXSEJDWTJVdGs
wewontbealoneguitar|Feint|We Won't Be Alone (feat. Laura Brehm)<br>(Guitar Cover)|Guitar|0B8_nDMQp-qqCNTV1N0lqZEpVNUU
omg|Different Heaven|OMG|Electro House|0B8_nDMQp-qqCa1V6YkFOaWhWTzg
skyline|Karma Fields|Skyline|Karma Fields|0B8_nDMQp-qqCb3VhcGZVRXpwaWc
onemanmoonband|Stephen Walking|One Man Moon Band|Electro House|0B8_nDMQp-qqCVXltNmpJRTJCOHc
mondaynightvolant|Gregory Esayan|Monday Night (feat Ai Takekawa)<br>(Volant Remix)|Glitch Hop|0B8_nDMQp-qqCa2pnajRZQ3AwbUU
karmafieldsid|Karma Fields|ID|Karma Fields|0B8_nDMQp-qqCX3RKaG1ZVzZVVWM
legendshyperpotions|Razihel|Legends (feat. TeamMate)<br>(Hyper Potions Remix)|Future Bass|0B8_nDMQp-qqCaGNubmpySThhc3M
amor|Fractal|Amor<br>(feat. Syrin)|Liquid Dubstep|0B8_nDMQp-qqCdXRsRDk1U19Ualk
mirrors|Varien|Mirrors|Drumstep|0B8_nDMQp-qqCUTRtVUdVZXNEazg
tokyo|The Wombats|Tokyo (Vampires & Wolves)|Indie Rock|0B8_nDMQp-qqCa0puWHozLUZxVlU
imissyou|Ninja Dreams|I Miss You|Future Bass|0B8_nDMQp-qqCRWx2RXY1SC1LZnc
craveyou|Flight Facilities|Crave You<br>(feat. Giselle)|Indie Pop|0B8_nDMQp-qqCN0QtRWwwdTVTNDQ
apartment|Young The Giant|Apartment|Indie Rock|0B8_nDMQp-qqCdHdBa3JBRlJLczg
hunted|Priority One & TwoThirds|Hunted<br>(feat Jonny Rose)|Dancefloor Drum & Bass|0B8_nDMQp-qqCTkFsMTRUcG5BNUk
halloweenstep|Aaron Musslewhite|HalloweenStep|Brostep|0B8_nDMQp-qqCMmRPNlBoY0NyelU
slenderman|OMG & ShockWave|Slenderman|Brostep|0B8_nDMQp-qqCd2JSM2dLaWpwLVE
heist|Noisestorm|Heist|Hybrid Trap|0B8_nDMQp-qqCeVUzTDdvcXVYNUE
inspire|Throttle|Inspire|Complextro|0B8_nDMQp-qqCYzFwWllqZ0h1WnM
whereareunow|Jack Ü|Where Are Ü Now<br>(feat. Justin Bieber)|Future Bass|0B8_nDMQp-qqCQzZEY1BxMUdIeFE
theanthem|Project 46, Varien & Ephixa|The Anthem|Big-Room House|0B8_nDMQp-qqCejBLODdBMnItZms
gladiatorgh0stw0rks|More Kords|Gladiator (feat. TMT)<br>(GH0STW0RKS Remix)|Trip Hop|0B8_nDMQp-qqCRDdGRHplLWU5UVk
oneminutedotexe|Krewella|One Minute<br>(DotEXE's Dopest Dope Remix)|Drumstep|0B8_nDMQp-qqCSGRHYWFwTlBNSUU
comeandgetitrazihel|Krewella|Come And Get It<br>(Razihel Remix)|Moombahcore|0B8_nDMQp-qqCRDRhNTlnVTFlUHM
battlecry|DotEXE|Battle Cry|Electro Breaks|0B8_nDMQp-qqCUFJTSlNPUGtnLUE
insideout|DotEXE|Inside Out|Hybrid Trap|0B8_nDMQp-qqCc0Iwb25fbXB0RTA
fireaway|Fractal|Fire Away<br>(feat. Danyka Nadeau)|Electro Breaks|0B8_nDMQp-qqCR2g1X3VmYVBfSTg
justlikethat|Pegboard Nerds|Just Like That<br>(feat. Johnny Rose)|Pink Cloud|0B8_nDMQp-qqCaTNUNHg4RkM4STQ
saiko|Aero Chord|Saiko|Big-Room House|0B8_nDMQp-qqCZVZrSDlYeHJEYjg
valkyrie3|Varien|Valkyrie III: Atonement<br>(feat. Laura Brehm)|Orchestral Rock|0B8_nDMQp-qqCdmVkTkIzY0REY0U
trapqueencrankdat|Fetty Wap|Trap Queen<br>(Crankdat Remix)|Future Bass|0B8_nDMQp-qqCcXUxOHBoSXRfNlk
pinballmcmashclan|Astronaut & Eyes|Pinball<br>(The McMash Clan Remix)|Electro House|0B8_nDMQp-qqCWmNkTnQ4SlJZNWM
warfoolanddidrick|Astronaut & Far Too Loud|War<br>(F.O.O.L & Didrick Remix)|Electro House|0B8_nDMQp-qqCMzk1Y1VNQkl1d2s
emoji|Pegboard Nerds|Emoji|Pink Cloud|0B8_nDMQp-qqCZHA3ZV9vWkNVcFU
spaceplusone|Nigel Good|Space Plus One|Progressive House|0B8_nDMQp-qqCQkczbXNKNW41Y2M
nocturnepiercefulton|EDEN|Nocturne<br>(Pierce Fulton Remix)|Indie Pop|0B8_nDMQp-qqCNURwV1k3SkdBbHc
whentoloveyou|Andrew Luce|When To Love You<br>(feat. Chelsea Cutler)|Synthpop|0B8_nDMQp-qqCc3pkV1I4WHZmckk
sadandhigh|Dillistone|Sad & High|Future Bass|0B8_nDMQp-qqCczJfQ2F4VFNfRVU
ageofinnocence|Elephante|Age Of Innocence<br>(feat. Trouze & Damon Sharpe)|Big-Room House|0B8_nDMQp-qqCTWExWk1PTVZvSnc
changes|Howle & Kidswaste|Changes|Future Bass|0B8_nDMQp-qqCbFZvVGJ3MW5sUnM
rideordie|Issac Valens|Ride Or Die|Future Bass|0B8_nDMQp-qqCbWVleG1FeGlyMFE
nevermind|jackLNDN|Nevermind|Progressive House|0B8_nDMQp-qqCYVgyc096dXFfc0U
worldaway|Kasbo|World Away|Future Bass|0B8_nDMQp-qqCd0d3bVZPeUZPVW8
vampire|Lazyboy Empire|Vampire|Indie Pop|0B8_nDMQp-qqCeUVGMmZfY29OT2s
powerskillparis|LostBoyCrow|Powers<br>(Kill Paris Remix)|Future Bass|0B8_nDMQp-qqCa3JTZGlmZlA4R3M
nostalgia|Said The Sky|Nostalgia<br>(feat. Missio)|Downtempo|0B8_nDMQp-qqCSmZHdGlKX3hicFk
essence|Skrux|Essence|Future Bass|0B8_nDMQp-qqCT2JDLUVpcnpkcXM
flydown|Stephen|Fly Down|Synthpop|0B8_nDMQp-qqCaVUxZno1d3hGdG8
earnedit|The Weeknd|Earned It<br>(Steve James ^x Jasmine Thompson Cover)|Indie Pop|0B8_nDMQp-qqCZml0Sl9qTVpWQW8
skylineacoustic|Karma Fields|Skyline<br>(Acoustic Mix)|Downtempo|0B8_nDMQp-qqCNjVuaWJqZ3N3akU
home|8 Graves|Home|Indie Pop|0B8_nDMQp-qqCQWRLR0s4WV90S0U
twosomethings|Adam Tell|Two Somethings<br>(feat. Emily Solo)|Dancefloor Drum & Bass|0B8_nDMQp-qqCdVNrYVFjb1FMOWs
virtualreality|AfterShock|Virtual Reality|Brostep|0B8_nDMQp-qqCcnRWQXppVDJ5V0U
thecliff|Au5|The Cliff|Ambient|0B8_nDMQp-qqCeHZUVUNIOU1YSVE
au5fractalid|Au5 & Fractal|ID|Brostep|0B8_nDMQp-qqCNVlJS1c0dzAtR3M
authentictranquility|Black Lions|Authentic Tranquility|Drumstep|0B8_nDMQp-qqCMEl4bENPdVQ0a2M
bipolar|Dilemn|Bipolar|Moombahton|0B8_nDMQp-qqCb0paOV9pWlh0UGc
stonetowertempleremix|Ephixa ^v^s. Will & Tom|Stone Tower Temple Remix|Electro House|0B8_nDMQp-qqCLUdtVEhWQXNTMzQ
skylinedontloveme|Karma Fields|Skyline<br>(dontloveme Remix)|Future Garage|0B8_nDMQp-qqCcWxaZW00TVhlLWc
ourarrivalandora|Laszlo|Our Arrival<br>(Andora Remix)|Synthpop|0B8_nDMQp-qqCR20zSTN6Z0JsQjA
dots|LVTHER|Dots<br>(feat. Jenny Broke The Window)|Indie Dance|0B8_nDMQp-qqCVTdocjJxV3Z2aDg
heroine|Middle Milk|Heroine<br>(Radio Edit)|Electro House|0B8_nDMQp-qqCeWZNYXpuX3hacWc
luigismansion|Pegboard Nerds|Luigi's Mansion|Brostep|0B8_nDMQp-qqCM1dMVy05N0N3VTQ
pinkcloud|Pegboard Nerds|Pink Cloud<br>(feat. Max Collins)|Pink Cloud|0B8_nDMQp-qqCcU9QQ1JuODg2Wk0
distance|Richard Caddock & Hyper Potions|Distance|Future Bass|0B8_nDMQp-qqCcklheFVkTWZzUWs
hijacked|Sanixels|Hijacked<br>(feat. Adam Tell)|Synthpop|0B8_nDMQp-qqCMHNDUjh2Z0ZrNUE
restless|Slips & Slurs|Restless<br>(feat. Anna Yvette)|Trap|0B8_nDMQp-qqCWTRySkxWdG5wN0E
vicimus|Slips & Slurs|Vicimus|Trap|0B8_nDMQp-qqCcV9SMkdJSDE3QUU
stopthesefears|Sub.Sound|Stop These Fears|Brostep|0B8_nDMQp-qqCV0FSem5FSjhUQzA
splinter|Subtact|Splinter|Future Bass|0B8_nDMQp-qqCSFlraG5yNHFwV28
terrace|Synthe|Terrace|Brostep|0B8_nDMQp-qqCOXVBeDZhZXlOeXM
aperture|UNISON|Aperture|Big-Room House|0B8_nDMQp-qqCSGdSLVlpa0Q0Z0k
skycity|Xeuphoria|Sky City|Melodic Dubstep|0B8_nDMQp-qqCWVh0cnU1Q2hmMUE
nothingmoredeafkev|Yoe Mase|Nothing More<br>(DEAF KEV Remix)|Synthpop|0B8_nDMQp-qqCZmluUUpUdHY3T2c
ampersand|Stephen Walking & Soulero|Ampersand|Electro House|0B8_nDMQp-qqCWW1DUXFYc0JrR00
holdfastkrne|San Holo|Hold Fast (KRNE Remix)|Future Bass|0B8_nDMQp-qqCVjZWUGpQMnhlWWc
needyou|F.O.O.L|Need You|Electro House|0B8_nDMQp-qqCX2hJc0dzSE1RdVk
time|Snavs|Time|Future Bass|0B8_nDMQp-qqCNi15Szh0NjhiaVE
ison|Au5 & Fractal|Ison|Brostep|0B8_nDMQp-qqCb0JaVmEzMHFnWDg
pavonine|Au5 & Fractal|Pavonine|Glitch Hop|0B8_nDMQp-qqCbFNaREpMVW9Ea2s
timestops|Virtual Riot|Time Stops<br>(feat. Danyka Nadeau)|0B8_nDMQp-qqCMjZPbVM3QmZtaUU
miichannel|Tim IRL|Mii Channel Trap Remix|Trap|0B8_nDMQp-qqCM2ZYTGVmRXFreXM
wiishopbling|All That Swag ^x Drake|Wii Shop Bling|ayy lmao|0B8_nDMQp-qqCVldTakN3VGRIZk0
letitgoremix|Dsitts|Let It Go<br>(Dsitts Trap Remix)|Trap|0B8_nDMQp-qqCQWVIN1JOdmlmeVk
monody|TheFatRat|Monody<br>(feat. Laura Brehm)|Glitch Hop|0B8_nDMQp-qqCam5od0ZjWDBuV0E
victorydatkyl|San Holo|Victory<br>(Datkyl Remix)|Future Bass|0B8_nDMQp-qqCbnRheElaNzBDa00
inochinonamae|Elpis|Inochi No Namae (The Name Of Life)|Ambient|0B8_nDMQp-qqCcGh1MjA2dFpHR0k
theotherside|evoke|The Other Side|Future House|0B8_nDMQp-qqCakt5cVBHUFpydk0
loveiskillingme|Savoy|Love Is Killing Me<br>(feat. Chali 2na)|Future Bass|0B8_nDMQp-qqCNW1pSnJURHRQaVk
wavesoftime|Snareskin|Waves Of Time<br>(feat. Labisch)|Future Bass|0B8_nDMQp-qqCT3k4MlVyVFpqNFE
mentalpicture|Statiz|Mental Picture|Ambient Breaks|0B8_nDMQp-qqCemw5a242cnozcHM
theseyears|Two Ways|These Years|Liquid Dubstep|0B8_nDMQp-qqCSVFQdFRoRUNkRzA
whereareunowgrey|Jack Ü|Where Are Ü Now<br>(Grey Remix)|Future Bass|0B8_nDMQp-qqCMFp2WXl4RUo3R0k
callingout|Muzzy|Calling Out<br>(feat. KG & Skyelle)|Dancefloor Drum & Bass|0B8_nDMQp-qqCcmtCWWZOVU43bm8
wearethelights|Varien & Mr FijiWiji|We Are The Lights|Trip Hop|0B8_nDMQp-qqCVDgwNS1XUzdrbGs
billiejean|EDEN|Billie Jean|Indie Pop|0B8_nDMQp-qqCV1NMTGJaUTFoUHc
gloria|Dyson|Gloria|Big-Room House|0B8_nDMQp-qqCN3ZLMEwyTEhTZU0
today|ELGUS|Today|Future Bass|0B8_nDMQp-qqCVnhBYXFpRVd0c1U
icebird|Klimeks|Icebird|Ambient Breaks|0B8_nDMQp-qqCdzdwNXJzamlNTlE
looneyride|Lucky Star|Looney Ride|Future Bass|0B8_nDMQp-qqCZDNvekVubXo4T3M
fallout|Rameses B|Fallout|Liquid Dubstep|0B8_nDMQp-qqCUGY0N0E4cDc4NW8
saygoodbye|Skyvoice|Say Goodbye<br>(feat. Noctilucent)|Liquid Dubstep|0B8_nDMQp-qqCMHgxaVFHcXF3b1E
out|?VV?|Out|Ambient Breaks|0B8_nDMQp-qqCQkNac2JDSFUzcE0
wewontbealoneacoustic|Laura Brehm|We Won't Be Alone<br>(Live Acoustic Version)|Acoustic|0B8_nDMQp-qqCT2lMUWc1SXc2dkU
boulevardofbrakenmemes|Kevin Villecco ^x Braken|Boulevard Of Braken Memes|Drumstep|0B8_nDMQp-qqCRDhscktDazhoSFU
newgame|Nitro Fun|New Game|Complextro|0B8_nDMQp-qqCdWh2R3M0UTB4VzQ
finalboss|Nitro Fun|Final Boss|Complextro|0B8_nDMQp-qqCY0dKS1lZNHN2VXc
wayitfeels|Nick Talos|Way It Feels|Deep House|0B8_nDMQp-qqCV0xMTkRuTFN3aEE
pizzasauce|SYNCHONICITY|Pizza Sauce On My Uggs...UHG!!!!!|Future Bass|0B8_nDMQp-qqCQmtfcGthN1RzQzg
befree|Aero Chord & Klaypex|Be Free|Trap|0B8_nDMQp-qqCS3lJT1ZPTGZtcDA
firevortex|Mitchell Claxton|Fire Vortex|Tech Trance|0B8_nDMQp-qqCX01TeURZc0kzTU0
stickupmodestep|Karma Fields & MORTEN|Stick Up (feat. Juliette Lewis)<br>(Modestep Remix)|Drumstep|0B8_nDMQp-qqCSXhWWW8zUDJXZ00
glasstemples|AgNO3|Glass Temples (feat. LollieVox)<br>(TFN Edit)|Moombahcore|0B8_nDMQp-qqCNlQwekFFNlpZNEU
jinglebells|Tristam & Stephen Walking|Jingle Bells|Drumstep|0B8_nDMQp-qqCLWF3clQxanV1WjQ
sleighridesw|Stephen Walking|Sleigh Ride|Twerk Trap|0B8_nDMQp-qqCNmQtcEp4bDNaNUk
goodbye|Rogue|Goodbye (Winter Chords)|Liquid Dubstep|0B8_nDMQp-qqCT1otNUVPVXRqbXM
reindeereverywhere|Insan3lik3|Reindeer Everywhere|Electro House|0B8_nDMQp-qqCTUUwaDhtZVFuNUk
wewishyouamerrychristmas|Televisor|We Wish You A Merry Christmas|Nu-Disco|0B8_nDMQp-qqCbVp2LTBZa2hvZHM
throneofravens|Varien|Throne Of Ravens|Brostep|0B8_nDMQp-qqCb3o0TFlyeGJtZlU
wipeout|Noisestorm|Wipeout|Moombahcore|0B8_nDMQp-qqCRDhlUjhqUDNtZmM
chokehold|Stonebank|Chokehold<br>(feat. Concept)|Moombahcore|0B8_nDMQp-qqCdDc4dHR4dWFDeVk
hope|Grabbitz|Hope (Intro)|Cinematic|0B8_nDMQp-qqCX1ZNeDhpYkNQQUE
betterwithtime|Grabbitz|Better With Time|Hybrid Trap|0B8_nDMQp-qqCbFk0WElSZ1FZTHc
makeyoumine|Grabbitz|Make You Mine|Progressive Rock|0B8_nDMQp-qqCZTMybGVDQlJGdlU
bwtintermission|Grabbitz|Intermission|Progressive Rock|0B8_nDMQp-qqCeXFXX1hsNlZIbjA
getout|Grabbitz|Get Out|Liquid Drumstep|0B8_nDMQp-qqCekRfaGFrcGRTYU0
floataway|Grabbitz|Float Away|Indie Dance|0B8_nDMQp-qqCb2dBX0ZhanRVTTA
cold|Grabbitz|Cold<br>(feat. LAYNE)|Future Bass|0B8_nDMQp-qqCZ091SFFDNTBUMVk
nostalgiapc|Psycho Crooks|Nostalgia|Dancefloor Drum & Bass|0B8_nDMQp-qqCVEZrUGV3ZV9CS3M
starwars|Rameses B|Star Wars|Glitch Hop|0B8_nDMQp-qqCckpmTEpJMlg3NmM
hereforyou|PIXL|Here For You<br>(feat. Q'ALIA)|Deep House|0B8_nDMQp-qqCeldtaUE1WlhpT3c
boyandthebeast|Pierce Fulton & Puppet|Boy And The Beast|Electro House|0B8_nDMQp-qqCQUpQdklrNzZhcDQ
shark|Oh Wonder|Shark<br>(Illenium Remix)|Liquid Dubstep|0B8_nDMQp-qqCWC0xMUhuYXFMRUU
chokehold|Stonebank|Chokehold|Moombahcore|0B8_nDMQp-qqCa0hYV1EtcGJXVG8
thevine|Tristam|The Vine|Liquid Drumstep|0B8_nDMQp-qqCaERYUEVLZGowTTA
surrender|Tristam|Surrender|Electro House|0B8_nDMQp-qqCVWswWlg1R2IxWGs
youandme|Bustre|You & Me<br>(feat. Myth)|Liquid Drum & Bass|0B8_nDMQp-qqCMHY1cVBOZ0lfME0
fury|Feint|Fury|Dancefloor Drum & Bass|0B8_nDMQp-qqCX3g0cDdLbzJkenM
afterthetitanic|The Eden Project|After The Titanic|Big-Room House|0B8_nDMQp-qqCbGQydFRBMDY4a0k
againeden|The Eden Project|Again|Dancefloor Drum & Bass|0B8_nDMQp-qqCN1RmNzRiYXhSc1E
bettertogether|The Eden Project|Better Together|Electro House|0B8_nDMQp-qqCc1kwX3R0b0ZWNmc
changeseden|The Eden Project|Changes<br>(feat. Laura Brehm)|Melodic Dubstep|0B8_nDMQp-qqCUlVnSzNqa2Z3TVU
chasingghosts|The Eden Project|Chasing Ghosts|Liquid Dubstep|0B8_nDMQp-qqCWFM5dnhlcFBPUnc
circles|The Eden Project|Circles|Progressive Rock|0B8_nDMQp-qqCVHkzWmRGbDBMbm8
crazyinlove|The Eden Project|Crazy In Love<br>(feat. Leah Kelly)|Indie Pop|0B8_nDMQp-qqCLVh4RjJpUUdyQmc
deathofadream|The Eden Project|Death Of A Dream|Acoustic|0B8_nDMQp-qqCa2JYRk1iakh1Tzg
drowning|The Eden Project|Drowning|Liquid Dubstep|0B8_nDMQp-qqCZVMtMm41Q2ZaTUU
firstandlast|The Eden Project|First & Last|Electro House|0B8_nDMQp-qqCai01WWN2QjcyOTg
fumes|The Eden Project|Fumes|Indie Rock|0B8_nDMQp-qqCcF9sc3NWS09fbGs
kairos|The Eden Project|Kairos|Synthpop|0B8_nDMQp-qqCeFpnYjNmekF6Rms
mandown|The Eden Project|Man Down|Synthpop|0B8_nDMQp-qqCcUFvd0c0SnVkRTg
statues|The Eden Project|Statues<br>(feat. Leah Kelly)|Liquid Dubstep|0B8_nDMQp-qqCQWhqQjhDZFloZW8
xo|The Eden Project|XO|Indie Pop|0B8_nDMQp-qqCaDlNTTVpM1dXU1U
selectiona|Curbi|Selection A|Future House|0B8_nDMQp-qqCdks1eEp3MWpYcnc
circus|Curbi|Circus|Future House|0B8_nDMQp-qqCMTdZQW9PcDdEVTQ
sorrows|Insan3lik3|Sorrows|Future Bass|0B8_nDMQp-qqCWmxGN2VBZlBSNTA
arcadia|Jenceno|Arcadia|Electro House|0B8_nDMQp-qqCcDJfYnVWTTNFZk0
paradigm|Case & Point|Paradigm|0B8_nDMQp-qqCZHlibFBqS25DSHM
comewithme|Nitro Fun & Subtact|Come With Me<br>(feat. Anna Yvette)|Glitch Hop|0B8_nDMQp-qqCa3liUEJSOWhUQ28
signs|Project 46|Signs<br>(feat. Shantee)|Tropical House|0B8_nDMQp-qqCaFhpZnd0b3JmOGc
porkchopexpress|Stephen Walking|Porkchop Express|Electro House|0B8_nDMQp-qqCanhzMDRPU2NyeGM
ihateuiloveu|Gnash|i hate u i love u<br>(feat. Olivia O'Brian)|Chillout|0B8_nDMQp-qqCZXI4dUs0ZGMxX0E
crossfire|Stephen|Crossfire|Future Bass|0B8_nDMQp-qqCY09saExCdG1GSUk
idfc|blackbear|idfc|Liquid Dubstep|0B8_nDMQp-qqCQnNZSklYUkI4Wjg
enoughisenough|Puppet & Cormak|Enough Is Enough<br>(feat. Richard Caddock)|Indie Dance|0B8_nDMQp-qqCU3J1aTQ2UVdyOEU
baphometscasino|Varien|Baphomet's Casino|Electro Breaks|0B8_nDMQp-qqCRktUMlBIMVRRY0U
bringmetheirbones|Varien|Bring Me Their Bones|Brostep|0B8_nDMQp-qqCUDdvaVBFZmpzaTg
immortalkiss|Varien|Immortal Kiss|Symphonic Metal|0B8_nDMQp-qqCa2Z5NndNU0ZCQzQ
signsoftheapocalypse|Varien|Signs Of The Apocalypse|Brostep|0B8_nDMQp-qqCSnd6bzFDZ3ctUk0
allisee|Draper|All I See<br>(feat. Laura Brehm)|Indie Dance|0B8_nDMQp-qqCYjFMMVpXVVAtUEE
thevale|Trivecta|The Vale<br>(feat. Miyoki)|Glitch Hop|0B8_nDMQp-qqCMmVicXJYTDlQNzQ
onfire|Melano|On Fire|Dancefloor Drum & Bass|0B8_nDMQp-qqCbDJKdFFwZVV4OHc
xray|Rezonate|X-Ray<br>(feat. Jhyve)|Future Bass|0B8_nDMQp-qqCUTlmTVhaOUJTQU0
allnight|Stonebank|All Night|Happy Hardcore|0B8_nDMQp-qqCRFAyQlBwdWY2TUk
weightless|Evoke & Laura Brehm|Weightless|Indie Pop|0B8_nDMQp-qqCTU9yTWJrRWJLZ0U
futureholds|Evoke & Laura Brehm|Future Holds|Hybrid Trap|0B8_nDMQp-qqCbjBMaGd3UEZkX0U
serenity|Evoke & Laura Brehm|Serenity|Indie Pop|0B8_nDMQp-qqCQ3dmOVIyaGZRZlE
scarlettesweb|Varien|Scarlette's Web|Electro Industrial|0B8_nDMQp-qqCaDZwU092cXBiVG8
downhearted|Pegboard Nerds|Downhearted|Pink Cloud|0B8_nDMQp-qqCQ2k4MjBwMFRzSkk
downheartedtopi|Pegboard Nerds|Downhearted<br>(Topi Remix)|Pink Cloud|0B8_nDMQp-qqCY0MySWxpTVU3M1U
emojirogue|Pegboard Nerds|Emoji<br>(Rogue Remix)|Pink Cloud|0B8_nDMQp-qqCbUcxMlBzQjdNZmc
pickupthephone|Summer Was Fun|Pick Up The Phone|Indie Dance|0B8_nDMQp-qqCLWg5ODVFc1dzTHc
atelier|Varien|A T E L I E R|Future Bass|0B8_nDMQp-qqCR0NlSGFVbHpFRHM
tragedy|DIGY|Tragedy<br>(feat. KIRSCH)|Synthpop|0B8_nDMQp-qqCc0lvb2xrbi1uY0k
whereareunowdirect|Jack Ü|Where Are Ü Now (feat. Justin Bieber)<br>(Direct Remix)|Future Garage|0B8_nDMQp-qqCY1U3allrXzhmT2M
truecolors|Zedd|True Colors|Cinematic|0B8_nDMQp-qqCSS1oVll4Uzd5MFk
beautifulnow|Zedd|Beautiful Now<br>(feat. Jon Bellion)|Big-Room House|0B8_nDMQp-qqCMFV3OWc1M3U5Unc
nowaybackup|Nigel Good|No Way Back Up<br>(feat. Illuminor)|Progressive House|0B8_nDMQp-qqCYWpackM2YUYzdTQ
anapology|Lemmino|An Apology<br>(feat. Veela)|Synthpop|0B8_nDMQp-qqCVGpYWGMwcnhiX0k
rememberingmyself|Stephen|Remembering Myself|Future Bass|0B8_nDMQp-qqCYWZWdGo4bk9KZUE
endisnear|Pegboard Nerds|End Is Near|Pink Cloud|0B8_nDMQp-qqCei1yQ0FocklkbFU
razorsharp|Pegboard Nerds & Tristam|Razor Sharp|Moombahcore|0B8_nDMQp-qqCNkRFYUtISGE0MTg
razorsharpvip|Pegboard Nerds & Tristam|Razor Sharp VIP|Moombahcore|0B8_nDMQp-qqCdHMyalRfXzdmMDQ
razorsharpvocalmix|Pegboard Nerds & Tristam|Razor Sharp VIP (Vocal Mix)|Moombahcore|0B8_nDMQp-qqCbjlOWG5VVnBGOE0
iamme|Haywyre|I Am Me|Cinematic|0B8_nDMQp-qqCdXRONXpfS3ZiR1E
iamyou|Haywyre|I Am You|Synthpop|0B8_nDMQp-qqCaFJPQWEtRnRyWEk
restraint|Haywyre|Restraint|Acoustic|0B8_nDMQp-qqCczd1STZTLUdkdVE
impulse|Haywyre|Impulse|Dubstep|0B8_nDMQp-qqCZ1BKb2NPTm81dlE
doyoudontyou|Haywyre|Do You Don't You|Deep House|0B8_nDMQp-qqCa2hKWkpndWRMSzg
moment|Haywyre|Moment|Future Bass|0B8_nDMQp-qqCbzd5S1JVQmpnc1k
memory|Haywyre|Memory|French House|0B8_nDMQp-qqCQ1RvZXI2V3hXTGM
transient|Haywyre|Transient|Acoustic|0B8_nDMQp-qqCNnhwbFlGa3l6MVE
endlessly|Haywyre|Endlessly|Glitch Hop|0B8_nDMQp-qqCWTdMY2NKQUVtMzQ
onmywayup|Conro|On My Way Up|Synthpop|0B8_nDMQp-qqCVUJONG9ubXVIRGc
spacejammutrix|Quad City DJs|Space Jam<br>(Mutrix Tune Squad Remix)|Hybrid Trap|0B8_nDMQp-qqCM1Q4TjFUbVZxcUk
felldown|Tut Tut Child|Fell Down<br>(feat. Holly Drummond)|Liquid Dubstep|0B8_nDMQp-qqCZDh0OWpPQWlEWFU
desire|Years & Years|Desire|Future House|0B8_nDMQp-qqCVGhTbVZPOTJTdlE
heartbit|Pegboard Nerds|Heartbit<br>(feat. Tia)|Bass House|0B8_nDMQp-qqCSGRKZTBUOEZsbFU
bobombbattlefield|Varien|Bob-omb Battlefield (Cover)|Soundtrack|0B8_nDMQp-qqCRDNCX2lTTUNDTjQ
ourhauntedprayers|Varien|Our Haunted Prayers|Cinematic|0B8_nDMQp-qqCSWFkdE8tODVTaHc
frainbreeze|Pegboard Nerds|FrainBreeze|Glitch Hop|0B8_nDMQp-qqCSkhyRkZWVTFfVDg
devotion|Tristam|Devotion|Future House|0B8_nDMQp-qqCOWpwaF9hNWRPdzQ
pinatakultur|Japanese Wallpaper & Montgomery|Piñata<br>(Kultur Remix)|Future Bass|0B8_nDMQp-qqCOWNVTjV2RGdpc3M
hearthebells|Porter Robinson|Hear The Bells<br>(feat. Imaginary Cities)|Post-Rock|0B8_nDMQp-qqCd29qOEZTZFk1Znc
runawaysoth|Galantis|Runaway (U & I)<br>(Speaker of the House Remix)|Progressive House|0B8_nDMQp-qqCTUJSbzFuT1NybGM
burden|Subtact & Jay Rodger|Burden|Chillout|0B8_nDMQp-qqCWV8zN0ZoLVlRR3c
burdenfij|Subtact & Jay Rodger|Burden|Chillout|0B8_nDMQp-qqCXzVEa0tLbVJ5NUU
thrive|Yoe Mase|Thrive|Progressive House|0B8_nDMQp-qqCTXM0dmdwTldlOXM
departure|Imagined Herbal Flows|Departure|Chillout|0B8_nDMQp-qqCcFRNRUZNeXBxX00
machouchoute|Snail's House|Ma Chouchoute|Future Bass|0B8_nDMQp-qqCd2pJNVNscG9sYk0
insane|Flume|Insane<br>(feat. Moon Holiday)|Synthwave|0B8_nDMQp-qqCbG81RjdUZmpGYjA
trndsttrlucian|Black Coast|TRNDSTTR (feat. M. Maggie)<br>(Lucian Remix)|Future Bass|0B8_nDMQp-qqCeG9hb210ejI2VlU
edgeoftheworld|Karma Fields|Edge Of The World|Electro House|0B8_nDMQp-qqCNmdCaktZUTZ5VmM
icantstop|Flux Pavilion|I Can't Stop|Liquid Dubstep|0B8_nDMQp-qqCTXZYXzQ2c0kyS28
emotional|Flux Pavilion & Matthew Koma|Emotional|Future Bass|0B8_nDMQp-qqCTWlJYmVvWEJWN28
emotionalvr|Flux Pavilion & Matthew Koma|Emotional<br>(Virtual Riot Remix)|Brostep|0B8_nDMQp-qqCNjQxUTBzckpaMTQ
skinnydip|Avionics|Skinny Dip|Electro Breaks|0B8_nDMQp-qqCZ3ZtT1BFVUVmWDQ
clouds|Loosid|Clouds<br>(feat. Raycee Jones)|Hybrid Trap|0B8_nDMQp-qqCN2lDTkpiV2twT2s
quantumracer|Arian Cook|Quantum Racer|Electro House|0B8_nDMQp-qqCcndRYXN5ckJDOUk
day52|Arrient|Day 52|Progressive House|0B8_nDMQp-qqCbHVseGZpOWh5Unc
blackandblue|Dahlia Sleeps|Black And Blue|Indie Pop|0B8_nDMQp-qqCWnR5M0ViZVhGQTA
hours|Goodbye Gravity|Hours|Ambient Breaks|0B8_nDMQp-qqCY1d1Qm14bjRoaVU
youmakemego|Insan3lik3 & Rob Gasser|You Make Me Go<br>(feat. Miyoki)|Indie Dance|0B8_nDMQp-qqCTkQ3blhyVHFILUE
wizardtchami|Martin Garrix & Jay Hardaway|Wizard<br>(Tchami Remix)|Future House|0B8_nDMQp-qqCenY0enRvMW85eFk
slasherflume|Rustie|Slasher<br>(Flume Edit)|Future Bass|0B8_nDMQp-qqCSDRfZ1NaM1d2eHc
prettybyebyedp|Skrillex & Team EZY|Pretty Bye Bye<br>(Drainpuppet Bootleg)|Liquid Dubstep|0B8_nDMQp-qqCQ1F6MTFpQ09Ec2c
missingyou|Tchami|Missing You<br>(feat. AC Slater & Kaleem Taylor)|Future House|0B8_nDMQp-qqCaURKZHFhMHZ0b00
somepeople|Schwarzer Kater|Some People|Indie Pop|0B8_nDMQp-qqCOWxzN0VrM2hzT2M
allalone|Pegboard Nerds & Grabbitz|All Alone|Hybrid Trap|0B8_nDMQp-qqCcTdJdWlObG5PdUU
showmeloveskrillex|Hundred Waters|Show Me Love (feat. Chance The Rapper, Moses Sumney, Robin Hannibal)<br>(Skrillex Remix)|Future Bass|0B8_nDMQp-qqCRklxdUM3eW9QVE0
traveller|Melano|Traveller|Liquid Drumstep|0B8_nDMQp-qqCRWJwVm9XZU9aWFU
theyjusthaventseenit|San Holo|They Just Haven't Seen It<br>(feat. The Nicholas)|Future Bass|0B8_nDMQp-qqCREFKNmFmWFA2TWs
irememberyou|Danilo Garcia|I Remember You<br>(feat. Laura Brehm)|Progressive House|0B8_nDMQp-qqCdmJDTGg0Q00tbWM
thecalling|TheFatRat|The Calling<br>(feat. Laura Brehm)|Electro House|0B8_nDMQp-qqCX1dkMzB2U0NPV2c
purplelife|DownFlex|Purple Life|Glitch Hop|0B8_nDMQp-qqCczdIa2ZiSnU4bVE
crowmachine|I Am Orange|Crow Machine|Drumstep|0B8_nDMQp-qqCYXZvb1B4SXA0d3c
evolutionomd|Oh My Domin!|Evolution|Dancefloor Drun & Bass|0B8_nDMQp-qqCU0pfTjl5c2R1OUk
waitingforyou|Unlike Pluto|Waiting For You<br>(feat. Joanna Jones)|Electro Breaks|0B8_nDMQp-qqCOUYzMTJpV2FjSnM
dampkring|Hush|Dampkring|Future Bass|0B8_nDMQp-qqCNnROeXQteGVuQXM
somekindofmagic|LVTHER|Some Kind Of Magic<br>(feat. LYZICA)|Synthpop|0B8_nDMQp-qqCT0VmcVR4LUNQSWc
sadbot|PIX|Sadbot|Ambient Breaks|0B8_nDMQp-qqCcnZUOTV5VWFjZTQ
pools|Harrison Brome|Pools|Alternative|0B8_nDMQp-qqCRzRacEdjeERSQkU
holdon|Summer Was Fun|Hold On<br>(feat. Q'AILA)|Future Bass|0B8_nDMQp-qqCaVBscHhQbXZJdVE
greatness|Karma Fields|Greatness<br>(feat. Talib Kweli)|Industrial Hip-Hop|0B8_nDMQp-qqCcVdLalJQbk02RkU
smashyourserato|DotEXE|Smash Your Serato|Drumstep|0B8_nDMQp-qqCdDBrODhyTVc0bjQ
mightyandhigh|Can't Stop Won't Stop|Mighty And High|Hip Hop|0B8_nDMQp-qqCOXdKUW41eWVQa1k
tomorrow|ECHOS|Tomorrow|Liquid Dubstep|0B8_nDMQp-qqCWG9nSUwxdGVrUUU
itsallonu|Illenium|It's All On U|Future Bass|0B8_nDMQp-qqCYUJMSENpZnc2aUU
sincerely|Stephen|Sincerely|Synthpop|0B8_nDMQp-qqCMEx3c3NVZzlZcnM
heartofthecore|Varien|The Heart Of The Core<br>(Undertale Remix)|Melodic Dubstep|0B8_nDMQp-qqCTHhyOXN4YkRDUlE
shlappy|Mr. Bill & Au5|Shlappy|Glitch Hop|0B8_nDMQp-qqCWkVGU3pkaG1oQzQ
thebox|Joyryde|The Box|Bass House|0B8_nDMQp-qqCeDkyZlNueUluRFk
boobs|Blackstripe|Boobs|Melbourne Bounce|0B8_nDMQp-qqCMUtiNEpjOVdjTkE
bouzouki|Aero Chord|Bouzouki|Hybrid Trap|0B8_nDMQp-qqCazFLSE9lbDJ2a1E
sledgehammer|Savant|Sledgehammer|Moombahcore|0B8_nDMQp-qqCcGdaMWdXNHhBaFU
kirbysmash|Foxsky|Kirby Smash|Moombahcore|0B8_nDMQp-qqCbklSbUVKcnptVFE
presetjunkies|Virtual Riot|Preset Junkies|Brostep|0B8_nDMQp-qqCbWRvZ1lPVFdoOHM
heartachearchien|Undertale OST|Heartache<br>(Archien Remix)|Liquid Dubstep|0B8_nDMQp-qqCeWMyNVFhMWdxalU
matches|Ephixa & Stephen Walking|Matches<br>(feat. Aaron Richards)|Tropical House|0B8_nDMQp-qqCbTMyZlFGTDBEYVE
allnightydg|YDG|All Night|Riddim|0B8_nDMQp-qqCdWdQdXZCakwzOG8
warandpeace|Hex Cougar ^x Jarell Perry|War & Peace|0B8_nDMQp-qqCdmVrRXhtckE1MlE
sacredwoods|Varien|Sacred Woods<br>(feat. Skyelle)|Neofolk|0B8_nDMQp-qqCd2pGbnJGeUFWemM
beautifulnowmarshmello|Zedd|Beautiful Now (feat. Jon Bellion)<br>(Marshmello Remix)|Trap|0B8_nDMQp-qqCUmdTblROMk5BcHM
victoryroad|Psychic Type|Victory Road|Trap|0B8_nDMQp-qqCcEVvVWF6STYzeEk
dontletmedownillenium|The Chainsmokers|Don't Let Me Down<br>(Illenium Remix)|Future Bass|0B8_nDMQp-qqCVFlkOGd2Z21XQkE
alone|Marshmello|Alone|Trap|0B8_nDMQp-qqCMjdiYVN6aVlCamc
sayitaintso|Weezer|Say It Ain't So|Rock|0B8_nDMQp-qqCMURaUDNFdUtHV3M
reposted|SHOKK青|You Reposted In The Wrong Neighborhood|ayy lmao|0B8_nDMQp-qqCNHVkbFpnZ2wwR1E
blackskinhead|Kanye West|Black Skinhead|Hip-Hop|0B8_nDMQp-qqCM3R6anU3UGt6ZTQ
sweatpants|Childish Gambino|Sweatpants<br>(feat. Problem)|Hip-Hop|0B8_nDMQp-qqCRkRwaWxtTHd6ODg
hotlinebling|Drake|Hotline Bling|Hip-Hop|0B8_nDMQp-qqCcEtkRUJqbWppa3c
hotlineblingbonhamcarter|Drake|Hotline Bling<br>(Bonham Carter Edit)|Future Bass|0B8_nDMQp-qqCX3ZTbkxlNy1zMEk
thehills|The Weeknd|The Hills|Trip Hop|0B8_nDMQp-qqCelN0cXV1SXpURUU
cantfeelmyface|The Weeknd|Can't Feel My Face|Indie Pop|0B8_nDMQp-qqCSFVkZkM2OGFyOWc
closercs|The Chainsmokers|Closer<br>(feat. Halsey)|Future Bass|0B8_nDMQp-qqCNTNGMTBmaWxRZkU
betogether|Major Lazer||Trap|0B8_nDMQp-qqCX3dQczBra29sQ3c
lookingbackwsn|The Only|Looking Back<br>(What So Not Remix)|Trap|0B8_nDMQp-qqCNVVNOVh4TTV2QjA
gasoline|Halsey|Gasoline|Alternative|0B8_nDMQp-qqCUGpseE8xRHhlUU0
control|Halsey|Control|Alternative|0B8_nDMQp-qqCeHVTNEVpY1IteHM
foundyou|Unlike Pluto|Found You<br>(feat. Michelle Buzz)|Trap|0B8_nDMQp-qqCVklIMTQwVlQzdTA
hopeum|Hope|Uppermost|Synthwave|0B8_nDMQp-qqCRFI3ckR6SkxXaE0
firefliessl|Owl City ^x Said The Sky|Fireflies<br>(StéLouse Edit)|Synthpop|0B8_nDMQp-qqCUnRpZ3l0dmUzNTQ
alonediskord|Marshmello|Alone<br>(DISKORD Remix)|Festival Trap|0B8_nDMQp-qqCSnNrOTI3TFFMRjg
pointofview|Rizi|Point Of View|Trap|0B8_nDMQp-qqCMk1ycmlWd1Y0a0U
justlikeyousns|The End|Just Like You (feat. Delaney Kai)<br>(Slips & Slurs Remix)|Trap|0B8_nDMQp-qqCVTZpdUljZGdrMXM
ourweaponsabandoned|DM Galaxy|Our Weapons (feat. Q'AILA)<br>(Abandoned Remix)|Liquid Dubstep|0B8_nDMQp-qqCWTZwTzRzLVk4bU0
backway|NYMZ & Chris Bushnell|Back Way|Hybrid Trap|0B8_nDMQp-qqCUWs2TE9vbDhWaVE
nosunshine|graves|No Sunshine|Future Bass|0B8_nDMQp-qqCazFMTDExSXhjZnM
forever|Anki|Forever|Liquid Dubstep|0B8_nDMQp-qqCTC1LX19sNDI5cXc
nevada|Vicetone|Nevada<br>(feat. Cozi Zuehlsdorff)|Big-Room House|0B8_nDMQp-qqCNFVaYkItZWFrSk0
whereillbewaiting|Rich Edwards|Where I'll Be Waiting<br>(feat. Cozi Zuehlsdorff)|Big-Room House|0B8_nDMQp-qqCYWVhVS1yZU1KYk0
whereillbewaitingvip|Rich Edwards|Where I'll Be Waiting (feat. Cozi Zuehlsdorff)<br>(VIP Mix)|Future Bass|0B8_nDMQp-qqCZk9IUkFmY0duWXM
circlesvanic|Vanic ^x Machineheart|Circles|Future Bass|0B8_nDMQp-qqCeVhhYW9HQTRvems
borderline|Vanic ^x Tove Styrke|Borderline|Future Bass|0B8_nDMQp-qqCQWUxVGRxRm1SUXM
panic|Dion Timmer|Panic|Brostep|0B8_nDMQp-qqCNXR2LVJHa1ZOYjg
the90s|Aero Chord|The 90s|Future Bass|0B8_nDMQp-qqCTC1QeHk3Wm43S2c
wanchuback|Aero Chord|Wanchu Back|Trap|0B8_nDMQp-qqCZGdCU0p3cnZtUFk
strangerbonfires|Childish Gambino ^x C418 ^x Stranger Things OST|Stranger Bonfires|Synthwave|0B8_nDMQp-qqCZGNsRmFOOGVrX3c
sweaterweather|The Neighbourhood|Sweater Weather|Indie Rock|0B8_nDMQp-qqCVUJDTjdlUUVhdG8
gorillaglue|Dirty Audio|Gorilla Glue|Trap|0B8_nDMQp-qqCX2ZBS0pfbmd1VDA
fractionalvarien|Hundred Suns|Fractional<br>(Varien Remix)|Brostep|0B8_nDMQp-qqCcG5XTFd4cUdkejA
wild|soupandreas|Wild|Trap|0B8_nDMQp-qqCcmdQbFcySXhpdms
feelgoodinc|Gorillaz|Feel Good Inc.|Indie Rock|0B8_nDMQp-qqCa2pYNFJ4d2RVZVk
breathemtb|Mark The Beast|Breathe (feat. Niks)|Brostep|0B8_nDMQp-qqCRG9ud205a3MxNTA
cannonball|Flux Pavilion & Snails|Cannonball|Brostep|0B8_nDMQp-qqCU3IxU3N6Y2N1RWc
aamon|KUURO|Aamon|Trap|0B8_nDMQp-qqCMlNkYVlXelFIeVE
choreography|Similar Outskirts|Choreography|Future Bass|0B8_nDMQp-qqCcVpVQm4zU1VJbmM
labyrinth|Trivecta|Labyrinth<br>(feat. Miyoki)|Liquid Drumstep|0B8_nDMQp-qqCV1pncW9GV2JVWXM
rare|Going Quantum ^x Psychic Type|Rare|Hybrid Trap|0B8_nDMQp-qqCSS13VjNjWXNLUTA
words|Feint|Words<br>(feat. Laura Brehm)|Dancefloor Drum & Bass|0B8_nDMQp-qqCSmVGWTd5WHZxUFk
nemesis|Rogue|Nemesis|Hybrid Twerk Trap|0B8_nDMQp-qqCd1ZzTEpockJ1bTA
halo|SMLE|Halo<br>(feat. Helen Tess)|Future Bass|0B8_nDMQp-qqCbDhLeXV3dXgyeXc
spongewave|Android52 ^x Ween|s p o n g e w a v e バーガー // カニ 420|Synthwave|0B8_nDMQp-qqCVlZVd0twc3VFelk|
